Image,Species,Confidence
10_jpeg.rf.94951c0379fe621911e4e48a35dc44e1.jpg,ThreeStripedDamselfish,0.9376795887947083
13_jpeg.rf.e9aefe712874f442cb303ffecee5025e.jpg,ThreeStripedDamselfish,0.896491289138794
27810124356_df827be192_b_jpg.rf.f00300dea06207e8a40f4bc3de9dd277.jpg,ClownFish,0.899322509765625
27810124356_df827be192_b_jpg.rf.f00300dea06207e8a40f4bc3de9dd277.jpg,ClownFish,0.8764981627464294
27810124356_df827be192_b_jpg.rf.f00300dea06207e8a40f4bc3de9dd277.jpg,ClownFish,0.7824219465255737
27810124356_df827be192_b_jpg.rf.f00300dea06207e8a40f4bc3de9dd277.jpg,ClownFish,0.6585440635681152
3-stripe-damsel_jpeg.rf.0dbc05009e67e92d465df6537438cc8c.jpg,ThreeStripedDamselfish,0.8853955864906311
3-striped-damselfish-in-the-marine-aquarium_mp4-2_jpg.rf.9a0c6d65e8a78d13c3d7f77772e74ce9.jpg,ThreeStripedDamselfish,0.8642206788063049
3-striped-damselfish_jpeg.rf.b98f0fb4295dfa60feb74b4062b65458.jpg,ThreeStripedDamselfish,0.9376100897789001
41_jpeg.rf.d39a0eba7f9929a4e81a89463c537fe8.jpg,ThreeStripedDamselfish,0.891239583492279
9becb8b1699ad10ea12b30afe9275791_jpg.rf.05b9a7da4472947843b4d3a702490380.jpg,ClownFish,0.8129608631134033
AmphiprionPercula-121-_jpg.rf.db393c029288707d38b91c64f54f5b76.jpg,ClownFish,0.9105142951011658
AmphiprionPercula-218-_jpg.rf.1da6d7faab76e42c4cd21b5f2b0e7c80.jpg,ClownFish,0.8627533912658691
AmphiprionPercula-351-_jpg.rf.75e5cd84e8dcc15add1ddbfd4ac73d3f.jpg,ClownFish,0.8910635113716125
AmphiprionPercula-366-_jpg.rf.6f26b9e2be77a1f59e4d3cfb75bc0d86.jpg,ClownFish,0.9034358859062195
AmphiprionPercula-366-_jpg.rf.6f26b9e2be77a1f59e4d3cfb75bc0d86.jpg,ClownFish,0.7602696418762207
AmphiprionPercula-366-_jpg.rf.6f26b9e2be77a1f59e4d3cfb75bc0d86.jpg,ButterflyFish,0.6356804370880127
AmphiprionPercula-366-_jpg.rf.6f26b9e2be77a1f59e4d3cfb75bc0d86.jpg,ClownFish,0.30943766236305237
AmphiprionPercula-391-_jpg.rf.ed4f56e2f2cab0bcf06726890b79849e.jpg,ClownFish,0.92169189453125
AmphiprionPercula-467-_jpg.rf.7c3fe7748533f72e5ae76cf4860bad66.jpg,ClownFish,0.9350255727767944
AmphiprionPercula-553-_jpg.rf.d93d48648c20807a1783f272c7f40427.jpg,ClownFish,0.831081211566925
Amphiprion_percula_jpeg_jpg.rf.a905a41dc435727a27f36b1ce0adb5bf.jpg,ClownFish,0.8396248817443848
AngelFish_image_100_jpg.rf.230725c2c1461c888cf919b86b1629ed.jpg,AngelFish,0.8757046461105347
AngelFish_image_102_jpg.rf.0ea01520ebac96b0e4bf439984c43e8d.jpg,AngelFish,0.8634343147277832
AngelFish_image_105_jpg.rf.b0e8ca38fa0eb4634a0639ed7f53afb2.jpg,AngelFish,0.9403999447822571
AngelFish_image_108_jpg.rf.8f23142f9562d1117d065988cc96d28a.jpg,AngelFish,0.5814971327781677
AngelFish_image_118_jpg.rf.0822f9ab76c3c9fe3a3ea169af07c557.jpg,AngelFish,0.9217399954795837
AngelFish_image_122_jpg.rf.0af357063d526cdc3702f32791b9d76d.jpg,AngelFish,0.8717961311340332
AngelFish_image_123_jpg.rf.1df4a1d0562e2cc2c966e2624a9145a6.jpg,AngelFish,0.5932336449623108
AngelFish_image_123_jpg.rf.1df4a1d0562e2cc2c966e2624a9145a6.jpg,AngelFish,0.5660487413406372
AngelFish_image_125_jpg.rf.b14e32df9e1ec42db8701793eaca489a.jpg,AngelFish,0.8663793206214905
AngelFish_image_128_jpg.rf.8ca6fd04dd1b82de5d9fd49423c21ea4.jpg,AngelFish,0.8862512111663818
AngelFish_image_129_jpg.rf.d755038cb80d2a9faee0e629d52e34c8.jpg,AngelFish,0.8837099671363831
AngelFish_image_12_jpg.rf.2890871d4666df04bfd6dfcd6ca77ce7.jpg,AngelFish,0.854698896408081
AngelFish_image_135_jpg.rf.998ed6f26ddb1b05802f9c0467502cf9.jpg,AngelFish,0.8154629468917847
AngelFish_image_138_jpg.rf.e5eef90df0890c9830413977876ab953.jpg,AngelFish,0.8618063926696777
AngelFish_image_139_jpg.rf.d6539094e48ed69185462df8db337473.jpg,AngelFish,0.8729791641235352
AngelFish_image_13_jpg.rf.ca64f0168ac171c893555712df9b2c37.jpg,AngelFish,0.9119783043861389
AngelFish_image_13_jpg.rf.ca64f0168ac171c893555712df9b2c37.jpg,AngelFish,0.8755264282226562
AngelFish_image_141_jpg.rf.d6a6113e0917ea96ccfbb28bc0acb43c.jpg,AngelFish,0.8970377445220947
AngelFish_image_142_jpg.rf.c01416a0a7b2827a9705a3d31d7c97c8.jpg,AngelFish,0.8404431939125061
AngelFish_image_144_jpg.rf.140a0ccf29af2e5b2ea387e6a72c9da2.jpg,AngelFish,0.9195393323898315
AngelFish_image_145_jpg.rf.41aab2a1cecfc5f0ea17630f9558837c.jpg,AngelFish,0.8994905352592468
AngelFish_image_147_jpg.rf.8eb70fc7d98b312b367481dffcaa9126.jpg,AngelFish,0.9021013379096985
AngelFish_image_148_jpg.rf.39a01676c354d112a0a796ed81b6efac.jpg,AngelFish,0.8717832565307617
AngelFish_image_149_jpg.rf.77b43c6ccbfa6a5e5d02a3a24072da6d.jpg,AngelFish,0.888098955154419
AngelFish_image_151_jpg.rf.6d5ca0a07fa4950e3f9981d731bd1520.jpg,AngelFish,0.8826586008071899
AngelFish_image_151_jpg.rf.6d5ca0a07fa4950e3f9981d731bd1520.jpg,AngelFish,0.8612393140792847
AngelFish_image_152_jpg.rf.d6b6db253e78679c57632949fc93a080.jpg,AngelFish,0.8466132283210754
AngelFish_image_156_jpg.rf.2695fb41ab2a02ee1049729f1ea0676a.jpg,AngelFish,0.8716731071472168
AngelFish_image_157_jpg.rf.601dbda2b0d020d4f47100897100b560.jpg,AngelFish,0.8188318610191345
AngelFish_image_158_jpg.rf.4a2ec6a415792b05bc1c1a8c1212d102.jpg,AngelFish,0.9378810524940491
AngelFish_image_15_jpg.rf.8947f1d1970bb79ab2a88865ea62633c.jpg,AngelFish,0.871918261051178
AngelFish_image_161_jpg.rf.a8b94e192d047cee6192dd831c817c86.jpg,AngelFish,0.9438936114311218
AngelFish_image_164_jpg.rf.3e365ba7f289db0acc8dfddf41dc755c.jpg,AngelFish,0.8684750199317932
AngelFish_image_167_jpg.rf.170a7f0f1e183ba415219549013701df.jpg,AngelFish,0.9074814915657043
AngelFish_image_178_jpg.rf.ad5027b6b6e8d8d57354b4b2c60ccc77.jpg,AngelFish,0.8187583088874817
AngelFish_image_178_jpg.rf.ad5027b6b6e8d8d57354b4b2c60ccc77.jpg,AngelFish,0.7985052466392517
AngelFish_image_178_jpg.rf.ad5027b6b6e8d8d57354b4b2c60ccc77.jpg,AngelFish,0.2764796018600464
AngelFish_image_179_jpg.rf.f3f2fa730bc0b03f54a9b3969d476a54.jpg,AngelFish,0.7889773845672607
AngelFish_image_179_jpg.rf.f3f2fa730bc0b03f54a9b3969d476a54.jpg,AngelFish,0.7885227799415588
AngelFish_image_179_jpg.rf.f3f2fa730bc0b03f54a9b3969d476a54.jpg,AngelFish,0.7659707069396973
AngelFish_image_179_jpg.rf.f3f2fa730bc0b03f54a9b3969d476a54.jpg,AngelFish,0.660040020942688
AngelFish_image_179_jpg.rf.f3f2fa730bc0b03f54a9b3969d476a54.jpg,AngelFish,0.3921397626399994
AngelFish_image_180_jpg.rf.902e7ec04f4e28123af1e21d284ad4b0.jpg,AngelFish,0.9273806810379028
AngelFish_image_183_jpg.rf.ee49bd7b37626d2c4a8d01155cd47086.jpg,AngelFish,0.898329496383667
AngelFish_image_183_jpg.rf.ee49bd7b37626d2c4a8d01155cd47086.jpg,AngelFish,0.798496663570404
AngelFish_image_190_jpg.rf.72edfc4793cd354d73de87bf7d20f2e0.jpg,AngelFish,0.8211004137992859
AngelFish_image_194_jpg.rf.96d142d05eb1f6b75e173ad0f18cf5d0.jpg,AngelFish,0.8648616671562195
AngelFish_image_195_jpg.rf.e50553377f4fa5151783cb4304868b8a.jpg,AngelFish,0.9103050827980042
AngelFish_image_19_jpg.rf.b2fb60c85974a119a3f4aa9689ae8253.jpg,AngelFish,0.8760437965393066
AngelFish_image_19_jpg.rf.b2fb60c85974a119a3f4aa9689ae8253.jpg,AngelFish,0.8594179153442383
AngelFish_image_1_jpg.rf.60a01379d530a9266d4b076a22cf51b0.jpg,AngelFish,0.9005071520805359
AngelFish_image_206_jpg.rf.d3ea56b5031823409e6cf7f1bd1a90f1.jpg,AngelFish,0.8136414885520935
AngelFish_image_209_jpg.rf.2a99d25dc828b77fd71f2d4b13d112b0.jpg,AngelFish,0.9116030931472778
AngelFish_image_20_jpg.rf.3e1659eb1877655cc0de84024e82d068.jpg,AngelFish,0.9266149401664734
AngelFish_image_214_jpg.rf.7bcaf31cdefa9e9570ad73636b5cbabe.jpg,AngelFish,0.9105194211006165
AngelFish_image_215_jpg.rf.c9fe5d0353fef7a5582c0e37e29a156d.jpg,AngelFish,0.8414036631584167
AngelFish_image_215_jpg.rf.c9fe5d0353fef7a5582c0e37e29a156d.jpg,AngelFish,0.8164775371551514
AngelFish_image_216_jpg.rf.dee80c558cd44e37e60db78af0bfef2b.jpg,AngelFish,0.9254061579704285
AngelFish_image_217_jpg.rf.25c232f39829ec1d51551b4082ed9e4c.jpg,AngelFish,0.9300953149795532
AngelFish_image_217_jpg.rf.25c232f39829ec1d51551b4082ed9e4c.jpg,AngelFish,0.8371962904930115
AngelFish_image_21_jpg.rf.52a9a1d57a490f25791e62e8d8b786fb.jpg,AngelFish,0.9300953149795532
AngelFish_image_21_jpg.rf.52a9a1d57a490f25791e62e8d8b786fb.jpg,AngelFish,0.8371962904930115
AngelFish_image_222_jpg.rf.6128cacbfd22d2f1afaa5d6fa609b170.jpg,AngelFish,0.8772950768470764
AngelFish_image_223_jpg.rf.0794d3d9a6a380ec8b5a700cfcf91aee.jpg,AngelFish,0.8758999705314636
AngelFish_image_230_jpg.rf.094381296e43cd7c093071738b717aaf.jpg,AngelFish,0.8589185476303101
AngelFish_image_231_jpg.rf.9bc58a999f8eb0be18829997ee7ec6d0.jpg,AngelFish,0.9279804229736328
AngelFish_image_233_jpg.rf.b43a63b5247f9b9ecb6dfd271780e490.jpg,AngelFish,0.8202500939369202
AngelFish_image_239_jpg.rf.491e565303878f2fa5485900301b3eb5.jpg,AngelFish,0.8671952486038208
AngelFish_image_241_jpg.rf.0043419e36c2b5444a7a2d7fec9d71ba.jpg,AngelFish,0.8758921027183533
AngelFish_image_243_jpg.rf.9a42f090b9c2be6efc826adc21b914a2.jpg,AngelFish,0.9172981381416321
AngelFish_image_245_jpg.rf.ac27105287296ef7a20f18c09b28e8cc.jpg,AngelFish,0.8908134698867798
AngelFish_image_246_jpg.rf.0f11fa355536b96047b8783e01c2c9cd.jpg,AngelFish,0.8944451808929443
AngelFish_image_248_jpg.rf.20e2da90b39f13e3827e81d94795fc86.jpg,AngelFish,0.8154629468917847
AngelFish_image_24_jpg.rf.4d626de198ca2da0fd6c2f89288f0364.jpg,AngelFish,0.6842834949493408
AngelFish_image_24_jpg.rf.4d626de198ca2da0fd6c2f89288f0364.jpg,AngelFish,0.3727608323097229
AngelFish_image_250_jpg.rf.66595748cafe9b72f742d829d39182e9.jpg,AngelFish,0.8843865394592285
AngelFish_image_257_jpg.rf.d73509d76ee9ff4975e9c44260c4409c.jpg,AngelFish,0.8373099565505981
AngelFish_image_257_jpg.rf.d73509d76ee9ff4975e9c44260c4409c.jpg,AngelFish,0.743808388710022
AngelFish_image_257_jpg.rf.d73509d76ee9ff4975e9c44260c4409c.jpg,ButterflyFish,0.7234139442443848
AngelFish_image_260_jpg.rf.6f5b2efa92aa93a1f66dad8a8050ef69.jpg,AngelFish,0.8782294392585754
AngelFish_image_264_jpg.rf.b3162c8b54fef25db2a88c7ae0d4817d.jpg,AngelFish,0.8728437423706055
AngelFish_image_264_jpg.rf.b3162c8b54fef25db2a88c7ae0d4817d.jpg,AngelFish,0.8493893146514893
AngelFish_image_264_jpg.rf.b3162c8b54fef25db2a88c7ae0d4817d.jpg,AngelFish,0.8230842351913452
AngelFish_image_268_jpg.rf.e346c260175cbda6b4b0a15145f3fdbe.jpg,AngelFish,0.8636204600334167
AngelFish_image_269_jpg.rf.80ecf375c454f47b278c83f6fdd18a30.jpg,AngelFish,0.8514705896377563
AngelFish_image_270_jpg.rf.f2eea0b9b1ebd6c09d27f488cddeaebd.jpg,AngelFish,0.8600060343742371
AngelFish_image_270_jpg.rf.f2eea0b9b1ebd6c09d27f488cddeaebd.jpg,AngelFish,0.8088101148605347
AngelFish_image_271_jpg.rf.27d52769a66d199941bfa7652eeecce5.jpg,AngelFish,0.9226933121681213
AngelFish_image_271_jpg.rf.27d52769a66d199941bfa7652eeecce5.jpg,YellowCichlid,0.38821500539779663
AngelFish_image_272_jpg.rf.be77b19f32fb06736fca14f697b562c0.jpg,AngelFish,0.8761336207389832
AngelFish_image_280_jpg.rf.9eab2b49edf7bf2aeae56e857f3eaf7e.jpg,AngelFish,0.9273727536201477
AngelFish_image_280_jpg.rf.9eab2b49edf7bf2aeae56e857f3eaf7e.jpg,AngelFish,0.9197909832000732
AngelFish_image_281_jpg.rf.c6400c999d2dfdf8f2918249def05f90.jpg,AngelFish,0.8075720071792603
AngelFish_image_281_jpg.rf.c6400c999d2dfdf8f2918249def05f90.jpg,AngelFish,0.5407424569129944
AngelFish_image_285_jpg.rf.1b6cd5438288aed75d2d2371de7f56eb.jpg,AngelFish,0.8604723215103149
AngelFish_image_286_jpg.rf.2af27185f4c2823a028d15b3faeb72a4.jpg,AngelFish,0.9198191165924072
AngelFish_image_287_jpg.rf.b50297b2fad010dfa420c9cf301ba570.jpg,AngelFish,0.8855836391448975
AngelFish_image_288_jpg.rf.36302cbb6bc63354d1f715b989559782.jpg,AngelFish,0.6601197719573975
AngelFish_image_288_jpg.rf.36302cbb6bc63354d1f715b989559782.jpg,MorishIdol,0.3146210312843323
AngelFish_image_28_jpg.rf.57539ac04ef05a5c5281d2ce934a6afd.jpg,AngelFish,0.8835826516151428
AngelFish_image_290_jpg.rf.b38b7cf1284aa9fd6c1349690587149e.jpg,AngelFish,0.8760437965393066
AngelFish_image_290_jpg.rf.b38b7cf1284aa9fd6c1349690587149e.jpg,AngelFish,0.8594179153442383
AngelFish_image_293_jpg.rf.971910e0fd57a8dcb59ec8905bd1c6cf.jpg,AngelFish,0.9114078879356384
AngelFish_image_293_jpg.rf.971910e0fd57a8dcb59ec8905bd1c6cf.jpg,AngelFish,0.8770129680633545
AngelFish_image_293_jpg.rf.971910e0fd57a8dcb59ec8905bd1c6cf.jpg,AngelFish,0.8429499268531799
AngelFish_image_296_jpg.rf.b2b78f47ff1e7c94f87df31dbd891c35.jpg,AngelFish,0.9484612941741943
AngelFish_image_296_jpg.rf.b2b78f47ff1e7c94f87df31dbd891c35.jpg,AngelFish,0.9471830129623413
AngelFish_image_296_jpg.rf.f3f955b0a0b7b5437c61a122c1b357c6.jpg,AngelFish,0.9484612941741943
AngelFish_image_296_jpg.rf.f3f955b0a0b7b5437c61a122c1b357c6.jpg,AngelFish,0.9471830129623413
AngelFish_image_298_jpg.rf.7448c0c47bc9bd116b5c13b8ee7f4a46.jpg,AngelFish,0.8956844806671143
AngelFish_image_29_jpg.rf.585c8bdb9cf03e40a27f416db2c3067f.jpg,AngelFish,0.9373852610588074
AngelFish_image_300_jpg.rf.61a39ca5a6d24c91e309d068ab3804ce.jpg,AngelFish,0.8948259949684143
AngelFish_image_301_jpg.rf.d43f058f9652a69cd14b223216975ec6.jpg,AngelFish,0.9046788811683655
AngelFish_image_301_jpg.rf.d43f058f9652a69cd14b223216975ec6.jpg,AngelFish,0.9029334187507629
AngelFish_image_301_jpg.rf.d43f058f9652a69cd14b223216975ec6.jpg,AngelFish,0.8941618204116821
AngelFish_image_302_jpg.rf.31f6431cf1675c7504b3ce22bf867437.jpg,AngelFish,0.8776551485061646
AngelFish_image_302_jpg.rf.31f6431cf1675c7504b3ce22bf867437.jpg,AngelFish,0.7827495336532593
AngelFish_image_303_jpg.rf.43818f0c9118d84f88ae677a7d9eb9a3.jpg,AngelFish,0.8937045931816101
AngelFish_image_304_jpg.rf.72eaa2f478e2432b06cf9c08db2fb5b5.jpg,AngelFish,0.8573341369628906
AngelFish_image_305_jpg.rf.c69babd02b887d14565df96e28e7aa78.jpg,AngelFish,0.8836842775344849
AngelFish_image_306_jpg.rf.996eb9e44de17c53246b92cecef8ba49.jpg,AngelFish,0.8464929461479187
AngelFish_image_307_jpg.rf.f0aef262a91c755d63c114691b59810a.jpg,AngelFish,0.7889773845672607
AngelFish_image_307_jpg.rf.f0aef262a91c755d63c114691b59810a.jpg,AngelFish,0.7885227799415588
AngelFish_image_307_jpg.rf.f0aef262a91c755d63c114691b59810a.jpg,AngelFish,0.7659707069396973
AngelFish_image_307_jpg.rf.f0aef262a91c755d63c114691b59810a.jpg,AngelFish,0.660040020942688
AngelFish_image_307_jpg.rf.f0aef262a91c755d63c114691b59810a.jpg,AngelFish,0.3921397626399994
AngelFish_image_309_jpg.rf.9ca74d3ed4c9a6d1a877c69363dc7be8.jpg,AngelFish,0.8197672963142395
AngelFish_image_311_jpg.rf.5996ebb590e9e81a7cea23d24efc7c51.jpg,AngelFish,0.8116083741188049
AngelFish_image_312_jpg.rf.f52889279f301a80cf663c7168217fa2.jpg,AngelFish,0.9162482023239136
AngelFish_image_315_jpg.rf.108b1f4daae9045ef45eea8e7c16d498.jpg,AngelFish,0.6944048404693604
AngelFish_image_316_jpg.rf.cbdde08bf46aecd9692d16a296f9d3b0.jpg,AngelFish,0.894815981388092
AngelFish_image_316_jpg.rf.cbdde08bf46aecd9692d16a296f9d3b0.jpg,AngelFish,0.8625877499580383
AngelFish_image_317_jpg.rf.62f25e2e461926fbc08092b5840dcc47.jpg,AngelFish,0.8815367221832275
AngelFish_image_317_jpg.rf.62f25e2e461926fbc08092b5840dcc47.jpg,AngelFish,0.861417829990387
AngelFish_image_317_jpg.rf.62f25e2e461926fbc08092b5840dcc47.jpg,AngelFish,0.7627705931663513
AngelFish_image_319_jpg.rf.cb94dd66f84f76ea942a3d9ba1693812.jpg,AngelFish,0.9148662686347961
AngelFish_image_31_jpg.rf.414e4cf08c7e8c58dd328ac183f03a89.jpg,AngelFish,0.9380993247032166
AngelFish_image_31_jpg.rf.414e4cf08c7e8c58dd328ac183f03a89.jpg,ButterflyFish,0.8592000603675842
AngelFish_image_31_jpg.rf.414e4cf08c7e8c58dd328ac183f03a89.jpg,YellowCichlid,0.2970220148563385
AngelFish_image_320_jpg.rf.83e7e32ae0e4000d2e13a2e8f4161dc2.jpg,AngelFish,0.9126016497612
AngelFish_image_321_jpg.rf.db2bb200d97988147f1c025fb070031c.jpg,AngelFish,0.8187583088874817
AngelFish_image_321_jpg.rf.db2bb200d97988147f1c025fb070031c.jpg,AngelFish,0.7985052466392517
AngelFish_image_321_jpg.rf.db2bb200d97988147f1c025fb070031c.jpg,AngelFish,0.2764796018600464
AngelFish_image_325_jpg.rf.b7aee2d74d9dc0de585db2c2815b00ce.jpg,AngelFish,0.9112650156021118
AngelFish_image_327_jpg.rf.ff4e8e7781e5f14095d8883d7d6ad6bc.jpg,AngelFish,0.8963147401809692
AngelFish_image_328_jpg.rf.56d75cef692ebf8ac771abc9713e0d0f.jpg,AngelFish,0.8038480877876282
AngelFish_image_329_jpg.rf.c253ffcb56e2479b0b501579b0e12525.jpg,AngelFish,0.8318736553192139
AngelFish_image_330_jpg.rf.c8f395313729bdfe440b04cbadffda13.jpg,AngelFish,0.9061590433120728
AngelFish_image_331_jpg.rf.484dba478a2892f7a05c8430c92d9036.jpg,AngelFish,0.8642587065696716
AngelFish_image_333_jpg.rf.51386634f17981f9c256255ec86d16a0.jpg,AngelFish,0.8734748363494873
AngelFish_image_334_jpg.rf.5f518584f58420c13cd44915748ae1a0.jpg,AngelFish,0.8428307771682739
AngelFish_image_334_jpg.rf.5f518584f58420c13cd44915748ae1a0.jpg,AngelFish,0.8389344811439514
AngelFish_image_334_jpg.rf.5f518584f58420c13cd44915748ae1a0.jpg,AngelFish,0.8360742330551147
AngelFish_image_334_jpg.rf.5f518584f58420c13cd44915748ae1a0.jpg,AngelFish,0.7479336261749268
AngelFish_image_335_jpg.rf.ac3e1b7c0f88e9ff6137def7ebffac46.jpg,AngelFish,0.8753198981285095
AngelFish_image_336_jpg.rf.f9b5018020bd392b0b406351e90f35e5.jpg,AngelFish,0.8642587065696716
AngelFish_image_339_jpg.rf.9d58ca75d756c2ae59d5ee6d08b3b17a.jpg,AngelFish,0.872785747051239
AngelFish_image_33_jpg.rf.29d1834e9fd2394c3a1a6d0689721e9c.jpg,AngelFish,0.7205950021743774
AngelFish_image_340_jpg.rf.fad7248b92b39dffe62ff76ba44549a0.jpg,AngelFish,0.7744046449661255
AngelFish_image_343_jpg.rf.0e64e9e695963a82c975bfd7cfab6a12.jpg,AngelFish,0.91339111328125
AngelFish_image_344_jpg.rf.db1dd7e0e7aca708971c25cfaa0e1a61.jpg,AngelFish,0.8766217827796936
AngelFish_image_348_jpg.rf.c33e062263b548969dc1012c983d7bd3.jpg,AngelFish,0.8944451808929443
AngelFish_image_351_jpg.rf.3b43c045b40c652b4321b0705ff9b8f2.jpg,AngelFish,0.8452826738357544
AngelFish_image_352_jpg.rf.a57062020dd3e1aaf43a1bc5b1ff4fd0.jpg,AngelFish,0.8811975121498108
AngelFish_image_359_jpg.rf.d12b116aa8c3ef3401e8a75b46b40812.jpg,AngelFish,0.9422995448112488
AngelFish_image_35_jpg.rf.308dc3030499e5168952d2f8d7b5aaef.jpg,AngelFish,0.9102362394332886
AngelFish_image_36_jpg.rf.a56c7de5879799a19b55e29468721ef4.jpg,AngelFish,0.898524820804596
AngelFish_image_370_jpg.rf.41b18d1182345d134db446dca8349223.jpg,AngelFish,0.8907650709152222
AngelFish_image_370_jpg.rf.817291e7ad0bcee6e699d980480bfec5.jpg,AngelFish,0.8907650709152222
AngelFish_image_371_jpg.rf.de810babffdb94f0e15904bb32a10c51.jpg,AngelFish,0.9172043800354004
AngelFish_image_371_jpg.rf.de810babffdb94f0e15904bb32a10c51.jpg,AngelFish,0.8882673978805542
AngelFish_image_372_jpg.rf.cee9032334b5cb6a744f45eec8f00cc5.jpg,AngelFish,0.8361807465553284
AngelFish_image_372_jpg.rf.f73352baac920258ffa3e5b96b74b215.jpg,AngelFish,0.8361807465553284
AngelFish_image_382_jpg.rf.0d0ffd6077622ed899a852a3b6e76543.jpg,AngelFish,0.8886245489120483
AngelFish_image_383_jpg.rf.d8d9adfe00317581c2aaa5607c2fe1b9.jpg,AngelFish,0.8975313305854797
AngelFish_image_383_jpg.rf.d8d9adfe00317581c2aaa5607c2fe1b9.jpg,AngelFish,0.8803297281265259
AngelFish_image_383_jpg.rf.d8d9adfe00317581c2aaa5607c2fe1b9.jpg,MorishIdol,0.27045565843582153
AngelFish_image_385_jpg.rf.0f5dff59f96c148f9eca435fc57ac24f.jpg,AngelFish,0.9176915287971497
AngelFish_image_385_jpg.rf.0f5dff59f96c148f9eca435fc57ac24f.jpg,AngelFish,0.6753734350204468
AngelFish_image_386_jpg.rf.71e1db680d0132ea36a28f5c79ec93f6.jpg,AngelFish,0.9007330536842346
AngelFish_image_387_jpg.rf.364c8e135d178e012007aa32454e2354.jpg,AngelFish,0.8981711864471436
AngelFish_image_388_jpg.rf.4ca125a85d8e9c527209a36b610dfc58.jpg,AngelFish,0.8959630131721497
AngelFish_image_388_jpg.rf.4ca125a85d8e9c527209a36b610dfc58.jpg,AngelFish,0.8803989887237549
AngelFish_image_389_jpg.rf.85ec38b9940815881f1c7fac3f2040e1.jpg,AngelFish,0.9038582444190979
AngelFish_image_389_jpg.rf.85ec38b9940815881f1c7fac3f2040e1.jpg,AngelFish,0.8640133738517761
AngelFish_image_38_jpg.rf.cd47431afb57f5c2794e25e5083ce420.jpg,AngelFish,0.8704477548599243
AngelFish_image_390_jpg.rf.792934ad01205048c8978a26f0056285.jpg,AngelFish,0.9065400958061218
AngelFish_image_390_jpg.rf.792934ad01205048c8978a26f0056285.jpg,AngelFish,0.8446882367134094
AngelFish_image_390_jpg.rf.792934ad01205048c8978a26f0056285.jpg,AngelFish,0.8322345614433289
AngelFish_image_391_jpg.rf.2443cff7e2a4656f7d4c82c7247af7f2.jpg,AngelFish,0.8654307126998901
AngelFish_image_392_jpg.rf.b54152f3dd184a7154b1d2975904c699.jpg,AngelFish,0.8674923777580261
AngelFish_image_393_jpg.rf.8b00e2fd435d73595d364138e4019c72.jpg,AngelFish,0.8806183338165283
AngelFish_image_397_jpg.rf.c65085be31f230e326e79b822324ab17.jpg,AngelFish,0.7843241095542908
AngelFish_image_40_jpg.rf.a69d807ccc1d584bca270a836d1c81e6.jpg,AngelFish,0.9107105135917664
AngelFish_image_40_jpg.rf.a69d807ccc1d584bca270a836d1c81e6.jpg,AngelFish,0.7642497420310974
AngelFish_image_40_jpg.rf.a69d807ccc1d584bca270a836d1c81e6.jpg,AngelFish,0.6777833104133606
AngelFish_image_41_jpg.rf.b5d65a6d70e7e926c3b3ab3965569874.jpg,AngelFish,0.9283855557441711
AngelFish_image_42_jpg.rf.68c2a77989e5775e18aa5c25e2d19e46.jpg,AngelFish,0.8557392954826355
AngelFish_image_46_jpg.rf.6c91e8ce5c0570427616480a9b9eb5ff.jpg,AngelFish,0.9106922745704651
AngelFish_image_46_jpg.rf.6c91e8ce5c0570427616480a9b9eb5ff.jpg,AngelFish,0.888691246509552
AngelFish_image_47_jpg.rf.83b77241689b6c7efef5bc937151e7d9.jpg,AngelFish,0.8841142654418945
AngelFish_image_47_jpg.rf.83b77241689b6c7efef5bc937151e7d9.jpg,AngelFish,0.8481507897377014
AngelFish_image_49_jpg.rf.05a8f8fa0e10da7f1226348d19b0fefd.jpg,AngelFish,0.8160437345504761
AngelFish_image_51_jpg.rf.61b2ed56b1217f6b19008b41c14bdc4f.jpg,AngelFish,0.7939589023590088
AngelFish_image_53_jpg.rf.9aacf57eaa1644c991dbe65a1bfbde86.jpg,AngelFish,0.8471436500549316
AngelFish_image_55_jpg.rf.3f99b3e1d51f6c5551248fa027751c85.jpg,AngelFish,0.8864448666572571
AngelFish_image_55_jpg.rf.3f99b3e1d51f6c5551248fa027751c85.jpg,AngelFish,0.8681389689445496
AngelFish_image_55_jpg.rf.3f99b3e1d51f6c5551248fa027751c85.jpg,AngelFish,0.8523316383361816
AngelFish_image_55_jpg.rf.3f99b3e1d51f6c5551248fa027751c85.jpg,AngelFish,0.7397631406784058
AngelFish_image_55_jpg.rf.3f99b3e1d51f6c5551248fa027751c85.jpg,AngelFish,0.33251506090164185
AngelFish_image_56_jpg.rf.df8c5083ed06b3d800c3f7b5548fb06c.jpg,AngelFish,0.8018925189971924
AngelFish_image_57_jpg.rf.eddfb07436b191a0153a88c9b7b5d8cd.jpg,AngelFish,0.8676315546035767
AngelFish_image_57_jpg.rf.eddfb07436b191a0153a88c9b7b5d8cd.jpg,AngelFish,0.8577220439910889
AngelFish_image_58_jpg.rf.07e433fe4d0d23303cb1eb99587cc474.jpg,AngelFish,0.9148569703102112
AngelFish_image_58_jpg.rf.07e433fe4d0d23303cb1eb99587cc474.jpg,AngelFish,0.8297691941261292
AngelFish_image_59_jpg.rf.effc74fac37d6e6a90063c02d72489ce.jpg,AngelFish,0.8758999705314636
AngelFish_image_60_jpg.rf.bbe533a28c65cbec89048c4e021e4207.jpg,AngelFish,0.9414502382278442
AngelFish_image_61_jpg.rf.6f009e0caff13f660369eba638b33b5f.jpg,AngelFish,0.8515731692314148
AngelFish_image_62_jpg.rf.ab136b34004943f4619e3418d5009888.jpg,AngelFish,0.9494532942771912
AngelFish_image_63_jpg.rf.6a56621a3c79bb3aecebe162b61f213c.jpg,AngelFish,0.8894277811050415
AngelFish_image_64_jpg.rf.c6adb790cbc7847c0920e9957d461706.jpg,AngelFish,0.8318736553192139
AngelFish_image_66_jpg.rf.6a5b81db8a0367532005c5a4e5b49f52.jpg,AngelFish,0.8452826738357544
AngelFish_image_67_jpg.rf.85054bb6b28973891c85e833837c33ac.jpg,AngelFish,0.866177499294281
AngelFish_image_68_jpg.rf.501a336450988efcf13b092a09b0e529.jpg,AngelFish,0.904853880405426
AngelFish_image_69_jpg.rf.ff901a99033b9d1ccc76d41782221ce8.jpg,AngelFish,0.8933542370796204
AngelFish_image_69_jpg.rf.ff901a99033b9d1ccc76d41782221ce8.jpg,AngelFish,0.8227037191390991
AngelFish_image_69_jpg.rf.ff901a99033b9d1ccc76d41782221ce8.jpg,AngelFish,0.7843331098556519
AngelFish_image_73_jpg.rf.6c76c98409c8561242d7b4c1a7a3a9f1.jpg,AngelFish,0.8116083741188049
AngelFish_image_79_jpg.rf.af95e9a7426357ff81486fb86bca0198.jpg,AngelFish,0.8211004137992859
AngelFish_image_84_jpg.rf.2ac83542c67f0d7ebeb7645cf64a595a.jpg,AngelFish,0.8581472039222717
AngelFish_image_90_jpg.rf.d4517f0e5833284abfded069271488be.jpg,AngelFish,0.8418664932250977
AngelFish_image_93_jpg.rf.3e7bcc1802370b3fa125551ebf298f32.jpg,AngelFish,0.9148662686347961
AngelFish_image_95_jpg.rf.9c1811d069b37710e19cfc45b1ffecdc.jpg,AngelFish,0.8879878520965576
AngelFish_image_96_jpg.rf.226d5dbbda3687e73b58c3813e659d9c.jpg,AngelFish,0.6842834949493408
AngelFish_image_96_jpg.rf.226d5dbbda3687e73b58c3813e659d9c.jpg,AngelFish,0.3727608323097229
AngelFish_image_99_jpg.rf.7e9a611d24e70f8acd2cc436dad77b75.jpg,AngelFish,0.9273806810379028
ButterflyFish_image_202_jpg.rf.52c70b5ae55a45619f942e441fa61c6e.jpg,ClownFish,0.8039321899414062
ButterflyFish_image_202_jpg.rf.52c70b5ae55a45619f942e441fa61c6e.jpg,ClownFish,0.5838273167610168
ClownFish_image_100_jpg.rf.4ddbdd93b979428d1fb65a810957343b.jpg,ClownFish,0.8655823469161987
ClownFish_image_101_jpg.rf.26ea85bd84bc21f2386b39f9f80f189d.jpg,ClownFish,0.9021090865135193
ClownFish_image_102_jpg.rf.b397197b97d764b9ea91334d1d88c18a.jpg,ClownFish,0.9160524010658264
ClownFish_image_103_jpg.rf.7aea91b86b6ded7589439013052d4df0.jpg,ClownFish,0.9300609827041626
ClownFish_image_103_jpg.rf.7aea91b86b6ded7589439013052d4df0.jpg,ClownFish,0.9047406911849976
ClownFish_image_104_jpg.rf.f5229852d725d7e1ac5a29ba48af8e50.jpg,ClownFish,0.9054470062255859
ClownFish_image_106_jpg.rf.3d6f6d0a41d56a3a408f7f25191ac695.jpg,ClownFish,0.8944870829582214
ClownFish_image_108_jpg.rf.5f5d225ff1a23a36e36c0aa406f88ceb.jpg,ClownFish,0.9196228384971619
ClownFish_image_108_jpg.rf.5f5d225ff1a23a36e36c0aa406f88ceb.jpg,ClownFish,0.8350087404251099
ClownFish_image_109_jpg.rf.95f4122ec2d24a3ced2ed26af2bb3158.jpg,ClownFish,0.902428388595581
ClownFish_image_110_jpg.rf.a29c9dc8f780594f5469a789b2634719.jpg,ClownFish,0.9142106771469116
ClownFish_image_111_jpg.rf.fe300a304b9f3d55e8122d1edbac39cb.jpg,ClownFish,0.7174603939056396
ClownFish_image_111_jpg.rf.fe300a304b9f3d55e8122d1edbac39cb.jpg,ClownFish,0.5016614198684692
ClownFish_image_112_jpg.rf.cd4159470a72b50e1f66c781b9b317f0.jpg,ClownFish,0.9287932515144348
ClownFish_image_112_jpg.rf.cd4159470a72b50e1f66c781b9b317f0.jpg,ClownFish,0.8823854327201843
ClownFish_image_113_jpg.rf.356ff0dfa1ab14a0f014037a3a08dce0.jpg,ClownFish,0.8760363459587097
ClownFish_image_114_jpg.rf.8b2497da78c6c8144d89fb2979b2bdb2.jpg,ClownFish,0.8758087158203125
ClownFish_image_116_jpg.rf.ea57004e7fff2cd62027f1cf72a0f498.jpg,ClownFish,0.9013347625732422
ClownFish_image_120_jpg.rf.e8d0f6e1d952ba35933c8491d3a713f2.jpg,ClownFish,0.9204539060592651
ClownFish_image_120_jpg.rf.e8d0f6e1d952ba35933c8491d3a713f2.jpg,ClownFish,0.7932032346725464
ClownFish_image_123_jpg.rf.f6c9311ea309815f78edaa42b178edab.jpg,ClownFish,0.9413915276527405
ClownFish_image_126_jpg.rf.fe544a3714889a32bc755d88bb2b347b.jpg,ClownFish,0.9217414855957031
ClownFish_image_126_jpg.rf.fe544a3714889a32bc755d88bb2b347b.jpg,ClownFish,0.9156347513198853
ClownFish_image_131_jpg.rf.9016e6f74b6ac14a9e4f9d933b735f42.jpg,ClownFish,0.8725025653839111
ClownFish_image_132_jpg.rf.006a26b4c3ffbb94db0e966866964dea.jpg,ClownFish,0.9143654704093933
ClownFish_image_132_jpg.rf.006a26b4c3ffbb94db0e966866964dea.jpg,ClownFish,0.9082800149917603
ClownFish_image_134_jpg.rf.078b8da9c62fbe67b3e0bca974356275.jpg,ClownFish,0.7813462615013123
ClownFish_image_135_jpg.rf.7442765fd00f91df37e66098f5065bd5.jpg,ClownFish,0.9214210510253906
ClownFish_image_136_jpg.rf.41640f15daf9037d7efb3c591fc583e0.jpg,ClownFish,0.8811786770820618
ClownFish_image_137_jpg.rf.e3a95d0dbc84d84f74a465df09baf3c3.jpg,ClownFish,0.8752555847167969
ClownFish_image_13_jpg.rf.6c530f0a3b1b4ee9d21552988f0dcf8f.jpg,ClownFish,0.8664213418960571
ClownFish_image_14_jpg.rf.d241b23b0003683c6b3024be645044f1.jpg,ClownFish,0.8763775825500488
ClownFish_image_150_jpg.rf.b01780f5cb32bf55e1a41cecc81770cc.jpg,ClownFish,0.8656445145606995
ClownFish_image_151_jpg.rf.2a0edae543e41e45e9ef791d897e2ba9.jpg,ClownFish,0.9176711440086365
ClownFish_image_155_jpg.rf.67c433eaf8b41da1b413553dad3177b3.jpg,ClownFish,0.8538622260093689
ClownFish_image_155_jpg.rf.67c433eaf8b41da1b413553dad3177b3.jpg,ClownFish,0.6270758509635925
ClownFish_image_159_jpg.rf.fa788c6d43bc74650ed57972ce07859a.jpg,ClownFish,0.9093948006629944
ClownFish_image_159_jpg.rf.fa788c6d43bc74650ed57972ce07859a.jpg,ClownFish,0.801007866859436
ClownFish_image_160_jpg.rf.4bc8f2da6fffe0047534167187497bc7.jpg,ClownFish,0.9311893582344055
ClownFish_image_160_jpg.rf.4bc8f2da6fffe0047534167187497bc7.jpg,ClownFish,0.9165509343147278
ClownFish_image_162_jpg.rf.e27ca0a038ca5a5f614e859053a8666f.jpg,ClownFish,0.8645839095115662
ClownFish_image_163_jpg.rf.fe43a1bd6b3d56679e4f472644c7d9c7.jpg,ClownFish,0.919791579246521
ClownFish_image_164_jpg.rf.a317c8047d8237659108094aba2dbe28.jpg,ClownFish,0.9078821539878845
ClownFish_image_167_jpg.rf.56c675dd88e1b3359b05be2c341e730f.jpg,ClownFish,0.8793243169784546
ClownFish_image_169_jpg.rf.e0ba3d471fb439e7b9994632c95cea0e.jpg,ClownFish,0.9051856398582458
ClownFish_image_169_jpg.rf.e0ba3d471fb439e7b9994632c95cea0e.jpg,ClownFish,0.8877055644989014
ClownFish_image_16_jpg.rf.91c3882da1eeb4490a477042216d71b1.jpg,ClownFish,0.9056548476219177
ClownFish_image_16_jpg.rf.91c3882da1eeb4490a477042216d71b1.jpg,ClownFish,0.8782407641410828
ClownFish_image_16_jpg.rf.91c3882da1eeb4490a477042216d71b1.jpg,ClownFish,0.8646634817123413
ClownFish_image_16_jpg.rf.91c3882da1eeb4490a477042216d71b1.jpg,ClownFish,0.3956974148750305
ClownFish_image_170_jpg.rf.cc4e564e4b0e318926299224a2d2c95b.jpg,ClownFish,0.925422191619873
ClownFish_image_174_jpg.rf.9aeffb920ffdfd572e45e05b3f09f6a5.jpg,ClownFish,0.8907222151756287
ClownFish_image_179_jpg.rf.f355b6252fb850655901fb7feff0ea54.jpg,ClownFish,0.8559165596961975
ClownFish_image_17_jpg.rf.30526e374dfff969c7190dbf40ceb23b.jpg,ClownFish,0.9416040182113647
ClownFish_image_17_jpg.rf.30526e374dfff969c7190dbf40ceb23b.jpg,ClownFish,0.9185275435447693
ClownFish_image_180_jpg.rf.cc3a271ec71c1a30c3e870cdf17d25fa.jpg,ClownFish,0.9240174293518066
ClownFish_image_180_jpg.rf.cc3a271ec71c1a30c3e870cdf17d25fa.jpg,ClownFish,0.913818895816803
ClownFish_image_182_jpg.rf.d3367121e57734d042e71db479690f79.jpg,ClownFish,0.8409212827682495
ClownFish_image_185_jpg.rf.eb27b794f6358bd5dba0b12f30c8dca7.jpg,ClownFish,0.8666551113128662
ClownFish_image_189_jpg.rf.e18c0b1b74bcaeb1c946a09775fa67ec.jpg,ClownFish,0.8644078373908997
ClownFish_image_18_jpg.rf.7b360093140ca003fa6b151595376b4d.jpg,ClownFish,0.9364163875579834
ClownFish_image_190_jpg.rf.7eebd63754c6db7d226d82941a0e9c26.jpg,ClownFish,0.9122437834739685
ClownFish_image_191_jpg.rf.6a04e5fb2665156f285a4b84e7327713.jpg,ClownFish,0.9456440806388855
ClownFish_image_192_jpg.rf.1d575d04cdb12c49610ea09b82f0b017.jpg,ClownFish,0.8719800710678101
ClownFish_image_194_jpg.rf.f4f949add5b69ef1c3ead57a133e0a42.jpg,ClownFish,0.9260081648826599
ClownFish_image_196_jpg.rf.03b722d3c19921bff00566e9639a83da.jpg,ClownFish,0.8685699105262756
ClownFish_image_19_jpg.rf.6dab6b4433d4f7719ab02d5857819226.jpg,ClownFish,0.8801308274269104
ClownFish_image_200_jpg.rf.9f1e73d9dee3df74fd1c6f003983c38f.jpg,ClownFish,0.9190117716789246
ClownFish_image_201_jpg.rf.968a763eaaededef905ec75e8ff788f7.jpg,ClownFish,0.8203195333480835
ClownFish_image_202_jpg.rf.f96c511d7df5cd0f37b32aefc363321a.jpg,ClownFish,0.9211114645004272
ClownFish_image_202_jpg.rf.f96c511d7df5cd0f37b32aefc363321a.jpg,ClownFish,0.913790225982666
ClownFish_image_202_jpg.rf.f96c511d7df5cd0f37b32aefc363321a.jpg,ClownFish,0.9127534627914429
ClownFish_image_202_jpg.rf.f96c511d7df5cd0f37b32aefc363321a.jpg,ClownFish,0.9033495783805847
ClownFish_image_202_jpg.rf.f96c511d7df5cd0f37b32aefc363321a.jpg,ClownFish,0.8726630806922913
ClownFish_image_203_jpg.rf.3a659dec576a5025441fe1afce33ad79.jpg,ClownFish,0.9272897243499756
ClownFish_image_223_jpg.rf.c6a4b0e359eb30dc953554a60f77ed20.jpg,ClownFish,0.7070224285125732
ClownFish_image_223_jpg.rf.c6a4b0e359eb30dc953554a60f77ed20.jpg,ClownFish,0.6669263243675232
ClownFish_image_223_jpg.rf.c6a4b0e359eb30dc953554a60f77ed20.jpg,ClownFish,0.6274405121803284
ClownFish_image_227_jpg.rf.5b669bf3545237a4932e475850ca9dd2.jpg,ClownFish,0.9126091003417969
ClownFish_image_238_jpg.rf.07204713bee05909382f7e143f632236.jpg,ClownFish,0.9011113047599792
ClownFish_image_238_jpg.rf.07204713bee05909382f7e143f632236.jpg,ClownFish,0.86549973487854
ClownFish_image_242_jpg.rf.29d341e44358497c129b17726be363df.jpg,ClownFish,0.9198235869407654
ClownFish_image_242_jpg.rf.29d341e44358497c129b17726be363df.jpg,ClownFish,0.8656432628631592
ClownFish_image_242_jpg.rf.29d341e44358497c129b17726be363df.jpg,ClownFish,0.8263030648231506
ClownFish_image_243_jpg.rf.6b6b4c6a4e848c5e6489540195a1a352.jpg,ClownFish,0.9258577227592468
ClownFish_image_243_jpg.rf.6b6b4c6a4e848c5e6489540195a1a352.jpg,ClownFish,0.8537686467170715
ClownFish_image_252_jpg.rf.77f104a282c6211e57fd0c160dd022a9.jpg,ClownFish,0.904178261756897
ClownFish_image_254_jpg.rf.24390cb4133ac5e507d720e586805180.jpg,ClownFish,0.9204203486442566
ClownFish_image_254_jpg.rf.24390cb4133ac5e507d720e586805180.jpg,ClownFish,0.9154031276702881
ClownFish_image_262_jpg.rf.778fe7e67b28561c70f92219d862f5f6.jpg,ClownFish,0.8555764555931091
ClownFish_image_263_jpg.rf.ba47b71d8c9aea677311282332f5b8db.jpg,ClownFish,0.9251817464828491
ClownFish_image_263_jpg.rf.ba47b71d8c9aea677311282332f5b8db.jpg,ClownFish,0.8516101837158203
ClownFish_image_268_jpg.rf.996acc4b6332d013369be3c66405b74d.jpg,ClownFish,0.8751012086868286
ClownFish_image_268_jpg.rf.996acc4b6332d013369be3c66405b74d.jpg,ClownFish,0.8367956876754761
ClownFish_image_269_jpg.rf.2739e72098340902d9dfdf9ccd349a4a.jpg,ClownFish,0.9085419774055481
ClownFish_image_270_jpg.rf.8dee7065dad8aa745f965c7939b24b89.jpg,ClownFish,0.9339144229888916
ClownFish_image_272_jpg.rf.35e7c3c81d647a013ac320a134909060.jpg,ClownFish,0.8877481818199158
ClownFish_image_27_jpg.rf.ad74a3f80edbda628210a1e89a78cdbc.jpg,ClownFish,0.937441885471344
ClownFish_image_27_jpg.rf.ad74a3f80edbda628210a1e89a78cdbc.jpg,ClownFish,0.9173141717910767
ClownFish_image_281_jpg.rf.11b1f48966f457d46c6118b30d66d31d.jpg,ClownFish,0.9201406836509705
ClownFish_image_281_jpg.rf.11b1f48966f457d46c6118b30d66d31d.jpg,ClownFish,0.8772943019866943
ClownFish_image_286_jpg.rf.c5f883a7285e307ce453182255e4003a.jpg,ClownFish,0.9306580424308777
ClownFish_image_287_jpg.rf.634c5ac3de314adb4f866538e2b7101e.jpg,ClownFish,0.9174837470054626
ClownFish_image_287_jpg.rf.634c5ac3de314adb4f866538e2b7101e.jpg,ClownFish,0.8622444272041321
ClownFish_image_289_jpg.rf.2fbec3a2320c4f47e6d6475469229c6d.jpg,ClownFish,0.9163193702697754
ClownFish_image_28_jpg.rf.bdef0e254bab518a4a180bbf0521b76a.jpg,ClownFish,0.8716198205947876
ClownFish_image_325_jpg.rf.db55df1150278ad1d558a816b8b7a05c.jpg,ClownFish,0.8772845268249512
ClownFish_image_58_jpg.rf.3df0db87aaebed2a82081ae697e3495c.jpg,ClownFish,0.9358923435211182
ClownFish_image_58_jpg.rf.3df0db87aaebed2a82081ae697e3495c.jpg,ClownFish,0.9143348336219788
ClownFish_image_58_jpg.rf.3df0db87aaebed2a82081ae697e3495c.jpg,ClownFish,0.845031201839447
ClownFish_image_65_jpg.rf.bfe84b7c5156fc9073aa0e112134ed55.jpg,ClownFish,0.9170643091201782
ClownFish_image_65_jpg.rf.bfe84b7c5156fc9073aa0e112134ed55.jpg,ClownFish,0.8990730047225952
ClownFish_image_65_jpg.rf.bfe84b7c5156fc9073aa0e112134ed55.jpg,ClownFish,0.5427701473236084
Dwarf-Gourami_original_110-png_83337141-e155-4582-aee1-27ab8571e1d7_png_jpg.rf.05e191a1f551477219a89cba6138b337.jpg,Gourami,0.9343346953392029
Dwarf-Gourami_original_111-png_c9177905-6afd-4ba1-8879-9ac6df252042_png_jpg.rf.58f91fdf6f45c35c99fb19ad72146d1a.jpg,Gourami,0.8907175660133362
Dwarf-Gourami_original_114-png_885d85ef-c5c6-47e0-ae49-7135de57fb5d_png_jpg.rf.2ceaa8c1be7fbb19b1d84c056d073b29.jpg,Gourami,0.9249587059020996
Dwarf-Gourami_original_115-png_61aaab93-690b-44ed-9ff2-6c15edf6fa8e_png_jpg.rf.7c0acd8c6f0c83b4962c9b213806802e.jpg,Gourami,0.9461105465888977
Dwarf-Gourami_original_116-png_d4ea8257-dc75-424c-9329-67c1128c43a7_png_jpg.rf.589ff30f5be632055a0be2fffb2b3159.jpg,Gourami,0.8890569806098938
Dwarf-Gourami_original_125-png_84fd3562-3fa9-4318-a380-a6472226f256_png_jpg.rf.aef8930ffb9dfe7e7a89b8774993f0cb.jpg,Gourami,0.9536319375038147
Dwarf-Gourami_original_130-png_ddf086a2-7121-4297-ad29-6367ff5df5f7_png_jpg.rf.36b700593d81ddc89fee3d3e0c12f8d9.jpg,Gourami,0.9393870234489441
Dwarf-Gourami_original_132-png_2098a31b-b3c9-4d7b-a9f2-66681749cde3_png_jpg.rf.409fe46fe5f661ec4f29dbd264eeeb1b.jpg,Gourami,0.9393132328987122
Dwarf-Gourami_original_134-png_52e8a097-e92d-46e0-b96a-5079420d0b7c_png_jpg.rf.002baead7a60e7a96ae97179aab73dbf.jpg,Gourami,0.9384320974349976
Dwarf-Gourami_original_134-png_52e8a097-e92d-46e0-b96a-5079420d0b7c_png_jpg.rf.49cf3ba86509bd98a9d78e8b20828361.jpg,Gourami,0.9383530616760254
Dwarf-Gourami_original_136-png_fbff0dd2-a16b-433c-85a5-8a837addbe0a_png_jpg.rf.d8a4a1f0f10db1599bc3f9aaea69e14c.jpg,Gourami,0.9204621911048889
Dwarf-Gourami_original_136-png_fbff0dd2-a16b-433c-85a5-8a837addbe0a_png_jpg.rf.d8a4a1f0f10db1599bc3f9aaea69e14c.jpg,Gourami,0.27927809953689575
Dwarf-Gourami_original_136-png_fbff0dd2-a16b-433c-85a5-8a837addbe0a_png_jpg.rf.f062a47c5ce6ec464597d0160ccb8c6e.jpg,Gourami,0.9205918908119202
Dwarf-Gourami_original_136-png_fbff0dd2-a16b-433c-85a5-8a837addbe0a_png_jpg.rf.f062a47c5ce6ec464597d0160ccb8c6e.jpg,Gourami,0.3548448085784912
Dwarf-Gourami_original_139-png_b32fe79e-4ea1-4387-a794-78e37f7547ee_png_jpg.rf.da1b831bc10b7bf2daee930a4d13beeb.jpg,Gourami,0.9208160042762756
Dwarf-Gourami_original_140-png_2897a6fe-2234-4a84-9f7f-ce734e7851ed_png_jpg.rf.fd9855107f44238b8e845dbc99b7ccaa.jpg,Gourami,0.9358586072921753
Dwarf-Gourami_original_140-png_2897a6fe-2234-4a84-9f7f-ce734e7851ed_png_jpg.rf.fd9855107f44238b8e845dbc99b7ccaa.jpg,Gourami,0.9244071245193481
Dwarf-Gourami_original_145-png_94e5c14a-22f4-4571-b45e-c955d69220e4_png_jpg.rf.2bb85fdd5937502a254b5becaef3fe0a.jpg,Gourami,0.9144142866134644
Dwarf-Gourami_original_160-png_64142878-7e23-40a1-8adc-5aa6f9a360f5_png_jpg.rf.ae9f79205837177699a3044756d5a575.jpg,Gourami,0.9420531988143921
Dwarf-Gourami_original_17-png_fb665b64-ac77-414d-9cd1-c72c0ab58710_png_jpg.rf.b1ec98ea81d6ec5720f8732bae5a592b.jpg,Gourami,0.9455172419548035
Dwarf-Gourami_original_172-png_664c01bc-af06-4563-ace6-3c3f3116e77a_png_jpg.rf.3c88ffa5ac3aad5c4d61feed061b8d77.jpg,Gourami,0.8880054354667664
Dwarf-Gourami_original_180-png_3ba1664c-f775-4f3c-93dc-80ba24cfadf7_png_jpg.rf.be49c838304d049c8036282f241ec7ad.jpg,Gourami,0.9273687601089478
Dwarf-Gourami_original_180-png_e51ffc47-9395-418b-93e1-2c7b22a485fd_png_jpg.rf.3d202277c0595804c47c6f9920112c8b.jpg,Gourami,0.9464776515960693
Dwarf-Gourami_original_184-png_096a7516-d167-4bfa-bff3-efebb348ec39_png_jpg.rf.ff231d659e5e07ad1f142fd4ac8fe28c.jpg,Gourami,0.9442072510719299
Dwarf-Gourami_original_189-png_7ffcbb05-3bff-429b-9393-8264f1922a5d_png_jpg.rf.1ec09b5c1073af1f6f44df5e23d84366.jpg,Gourami,0.9327883124351501
Dwarf-Gourami_original_189-png_e7abb3b0-abc9-4db5-ad01-49e6add53d3f_png_jpg.rf.9b0f77a26ab4507f79585711999fa575.jpg,Gourami,0.944533109664917
Dwarf-Gourami_original_19-png_adf57324-46f8-4098-83d8-cc60e141dc02_png_jpg.rf.46d201532dbaccec771ec701fb373c05.jpg,Gourami,0.9392404556274414
Dwarf-Gourami_original_211-png_12c34969-6b59-4ab9-b5e7-64ac3fca050a_png_jpg.rf.7bfad2121b0b8e25f80643c942d09459.jpg,Gourami,0.9393662214279175
Dwarf-Gourami_original_211-png_12c34969-6b59-4ab9-b5e7-64ac3fca050a_png_jpg.rf.bd66b12ee0bafee2927710abf53d3afc.jpg,Gourami,0.9447393417358398
Dwarf-Gourami_original_211-png_ba58ffff-92b3-4ceb-8da8-e8980badc478_png_jpg.rf.3c15b5a4113063dd87fda7689f7e1a69.jpg,Gourami,0.9332724213600159
Dwarf-Gourami_original_219-png_24092dd4-48a5-4dc8-a589-70a590a9c232_png_jpg.rf.b05453c43d9155b07d867197efefbca3.jpg,Gourami,0.9232305884361267
Dwarf-Gourami_original_22-png_bdceba3d-ee25-4d24-9d8f-3ad3c91e3389_png_jpg.rf.648addf9965fa906294a3f778e2311b5.jpg,Gourami,0.9358591437339783
Dwarf-Gourami_original_227-png_8d8c0f7c-0f41-4f73-9041-798d609ccca6_png_jpg.rf.e32bca63f5117617b847ddf1744ae497.jpg,Gourami,0.9272489547729492
Dwarf-Gourami_original_243-png_6e8d831b-6bb8-4b42-9610-cad41a8625d4_png_jpg.rf.a88f3d852cc363c73b269c7e600a8b6a.jpg,Gourami,0.9408093690872192
Dwarf-Gourami_original_243-png_6e8d831b-6bb8-4b42-9610-cad41a8625d4_png_jpg.rf.a88f3d852cc363c73b269c7e600a8b6a.jpg,Gourami,0.93643718957901
Dwarf-Gourami_original_243-png_6e8d831b-6bb8-4b42-9610-cad41a8625d4_png_jpg.rf.a88f3d852cc363c73b269c7e600a8b6a.jpg,Gourami,0.9266695976257324
Dwarf-Gourami_original_243-png_6e8d831b-6bb8-4b42-9610-cad41a8625d4_png_jpg.rf.a88f3d852cc363c73b269c7e600a8b6a.jpg,Gourami,0.9193490743637085
Dwarf-Gourami_original_253-png_9810f967-7714-48b5-978f-4987a21011b8_png_jpg.rf.062595aa11b2a9d48ef8bed5cfe0faee.jpg,Gourami,0.9508544206619263
Dwarf-Gourami_original_253-png_9810f967-7714-48b5-978f-4987a21011b8_png_jpg.rf.062595aa11b2a9d48ef8bed5cfe0faee.jpg,Gourami,0.9372587203979492
Dwarf-Gourami_original_271-png_dc58a313-a753-4b45-aff8-b116958248d6_png_jpg.rf.06c02a2985d0914e0d101319aa813e0c.jpg,Gourami,0.9072141051292419
Dwarf-Gourami_original_283-png_b3d1949b-a261-4b59-b0a1-bf3134d310ad_png_jpg.rf.48fc03b47173f7cf1e09d6429a41266b.jpg,Gourami,0.9419018626213074
Dwarf-Gourami_original_285-png_d8fd2e86-5f21-411e-9509-679c12ace6ce_png_jpg.rf.1aa21eba8051987ad2eaaed85c6aa7ef.jpg,Gourami,0.9246922135353088
Dwarf-Gourami_original_314-png_25f85245-f81d-4a5a-bf53-4d053fba066c_png_jpg.rf.ba72f87d545cd4a801f5f623f064864a.jpg,Gourami,0.9500435590744019
Dwarf-Gourami_original_334-png_04b906d9-0ff9-49fc-838d-aeee8d628211_png_jpg.rf.e35a831646b774dfa6b8e3d5856ac323.jpg,Gourami,0.8981252312660217
Dwarf-Gourami_original_334-png_9e64cd64-1e4f-4d64-95f1-2b311b7a9244_png_jpg.rf.c836e2c24d6fc02331d584461a45e230.jpg,Gourami,0.914114773273468
Dwarf-Gourami_original_337-png_51dd138d-2624-4e2a-9493-fc797ccae343_png_jpg.rf.ebc494ade41d483c56b0cd502ee9c9a9.jpg,Gourami,0.9332883954048157
Dwarf-Gourami_original_357-png_f7e63bb7-d6fb-46ef-9f85-2924ca5cbfe9_png_jpg.rf.15a2a1c9d3902fdfc46284f2e989a180.jpg,Gourami,0.9279700517654419
Dwarf-Gourami_original_36-png_60256996-349d-45ce-9fe2-eb6caf165ecb_png_jpg.rf.37d05ba573af3b2fd5fac769592dc375.jpg,Gourami,0.946835994720459
Dwarf-Gourami_original_364-png_dcd8c7ad-bccb-45b4-9b17-03b5a65884bf_png_jpg.rf.ef59a731e529a39bd2d2371d9e3d8b31.jpg,Gourami,0.9120942950248718
Dwarf-Gourami_original_369-png_b41ce77d-4e99-44c6-ae02-219411b45623_png_jpg.rf.9be16d0bb15ccce2fc3c2b58c826d6e5.jpg,Gourami,0.925940215587616
Dwarf-Gourami_original_376-png_125c8899-7513-4527-9729-554f700b94ba_png_jpg.rf.9e49c9b93c50e07a1e0a753e3a27b5a4.jpg,Gourami,0.9382942914962769
Dwarf-Gourami_original_391-png_0d86afe0-4722-4dfd-b2d4-e2d023bf8280_png_jpg.rf.97530d1a674ddd9883a5032a58dacf01.jpg,Gourami,0.9295821785926819
Dwarf-Gourami_original_391-png_0d86afe0-4722-4dfd-b2d4-e2d023bf8280_png_jpg.rf.cb1e9986af047d44f61bdfd19a8ae4db.jpg,Gourami,0.9318529367446899
Dwarf-Gourami_original_392-png_aac0d21e-89b8-4262-983e-0bbe4d022a35_png_jpg.rf.469de3af3443bb1bab15a7fdcd70a4ea.jpg,Gourami,0.9054444432258606
Dwarf-Gourami_original_399-png_4b3f59a9-be0c-4bb2-a8e2-896d432977fe_png_jpg.rf.843cb4a8651377664149362cac6c0647.jpg,Gourami,0.9297815561294556
Dwarf-Gourami_original_402-png_ed90a58e-a95d-4b6c-87bc-7b3bcd6f6b10_png_jpg.rf.e2f5e04bf2741cf1e3c34f59dd7c9575.jpg,Gourami,0.9402035474777222
Dwarf-Gourami_original_404-png_c0f475e0-1eb8-487d-9f9e-834be43a7766_png_jpg.rf.76042a1a76770af93f83daa9e74eec99.jpg,Gourami,0.9194849133491516
Dwarf-Gourami_original_408-png_23cb953b-2068-43dd-bc3a-9435d79af762_png_jpg.rf.8424e94d65b59019d6f9c0fd6ce815e2.jpg,Gourami,0.9208672642707825
Dwarf-Gourami_original_422-png_59d60fec-b96d-4f09-8eff-7ce250791b5c_png_jpg.rf.27b3b450c82e6e9148b8824cb888b75b.jpg,Gourami,0.9192115664482117
Dwarf-Gourami_original_44-png_563d494f-188b-4718-b7cc-f8f9a10e33a5_png_jpg.rf.585467e3f01389b4c2407675378f006b.jpg,Gourami,0.9044650197029114
Dwarf-Gourami_original_440-png_3c9dab40-5b70-4bd4-98dd-6d565c761300_png_jpg.rf.a821e649ee44fe75bee564aa00fe085a.jpg,Gourami,0.9285830855369568
Dwarf-Gourami_original_443-png_a2279ba9-dd3f-4a76-a244-da25b479b6db_png_jpg.rf.f98e8dea8ef4ab8ff16d679b3c21a851.jpg,Gourami,0.9488743543624878
Dwarf-Gourami_original_443-png_faf37cfc-58a9-4ea8-b44a-8e97c02e851c_png_jpg.rf.94dd129db7dc2f7aca392a965fe7c29a.jpg,Gourami,0.9360666275024414
Dwarf-Gourami_original_45-png_7a58d95f-9358-4377-bac5-98bfb8e67475_png_jpg.rf.b3368fa26d0ae4fca4d257c25febc1be.jpg,Gourami,0.9415960907936096
Dwarf-Gourami_original_469-png_fefc8ffa-13fd-4297-ad21-b259889044a3_png_jpg.rf.cf1ecfe8d12dd1f3744bd2ead4f932bb.jpg,Gourami,0.9654082655906677
Dwarf-Gourami_original_47-png_df3ead78-44dc-4a7d-a3c1-343222143ee2_png_jpg.rf.bc6c644188c0dd96ecc425e37a209b92.jpg,Gourami,0.9390003085136414
Dwarf-Gourami_original_483-png_9b048ec0-bebc-4756-857d-d6fadc84321a_png_jpg.rf.7bf0f38e8ed58ce06fd1934a467f9128.jpg,Gourami,0.9380192756652832
Dwarf-Gourami_original_483-png_9b048ec0-bebc-4756-857d-d6fadc84321a_png_jpg.rf.7bf0f38e8ed58ce06fd1934a467f9128.jpg,Gourami,0.9341230392456055
Dwarf-Gourami_original_508-png_a90db00b-7961-45ee-b57a-3a5395537792_png_jpg.rf.b2af224d60de6e92104e628fcf9dcd7f.jpg,Gourami,0.9378880858421326
Dwarf-Gourami_original_512-png_092460b9-80c6-45f0-b082-6dc33b8e0068_png_jpg.rf.992574bea348d0df476ad2ec7c37a99f.jpg,Gourami,0.9289994835853577
Dwarf-Gourami_original_513-png_f0bcad7c-db9f-46c5-9b25-d4f82e318263_png_jpg.rf.bd64bbaf36371d080baeddb5649cb912.jpg,Gourami,0.9426040649414062
Dwarf-Gourami_original_516-png_ef5218c2-d547-41ee-ab3d-ce0def3ff656_png_jpg.rf.0eb6c3f826b1fc19dff1d2ec0da70365.jpg,Gourami,0.9164329767227173
Dwarf-Gourami_original_523-png_21eb781d-12cf-4466-b4f5-6214bfb4bcf5_png_jpg.rf.69157102d863e134b4f7c55020539def.jpg,Gourami,0.9440191388130188
Dwarf-Gourami_original_57-png_76754e08-5506-4493-961c-5fd15fa3027d_png_jpg.rf.13074440f30dc9022262a19f47079bbc.jpg,Gourami,0.9382787346839905
Dwarf-Gourami_original_581-png_13975190-e0a9-4a7d-a66c-51b0d5d65269_png_jpg.rf.864d420d978784b959653d6971cf6195.jpg,Gourami,0.9368000626564026
Dwarf-Gourami_original_581-png_13975190-e0a9-4a7d-a66c-51b0d5d65269_png_jpg.rf.864d420d978784b959653d6971cf6195.jpg,Gourami,0.9219383001327515
Dwarf-Gourami_original_592-png_6152ccea-c7a4-449a-af04-06fa2c5b3900_png_jpg.rf.315d6f42ea8ab8602e3df0bbf15043d8.jpg,Gourami,0.920752227306366
Dwarf-Gourami_original_599-png_6a2b44a4-eeeb-4a96-9eb8-36a6ab52e2c8_png_jpg.rf.7e9bab3ee31096d1d6c1b3325aa79483.jpg,Gourami,0.9307426810264587
Dwarf-Gourami_original_599-png_f99bc219-290a-40b5-8519-6cb6f4bc8ec8_png_jpg.rf.61f5c3a12efdd9ff108f349322cda128.jpg,Gourami,0.9331326484680176
Dwarf-Gourami_original_6-png_a4d546cd-f507-44b9-943e-2c46c6f38ac5_png_jpg.rf.8dd538d39ac6f93105e2f0fa4dd639d3.jpg,Gourami,0.933454155921936
Dwarf-Gourami_original_603-png_e14e27e3-ad5a-4ded-9091-5795bcb40f51_png_jpg.rf.194527f8caf483043435eddbe68913c3.jpg,Gourami,0.9534552693367004
Dwarf-Gourami_original_606-png_4757fbb8-d280-4b6f-9e1a-7d11704d1dae_png_jpg.rf.65f5f33529dbb24174202818b2844cba.jpg,Gourami,0.9317286014556885
Dwarf-Gourami_original_607-png_9757dca2-775f-4f8a-b1d7-6d278225c7f2_png_jpg.rf.1cc9c3100608572e4373d744bd2d313b.jpg,Gourami,0.9212580323219299
Dwarf-Gourami_original_613-png_f5cb589e-c8c9-4768-abd5-84b1a37a8b63_png_jpg.rf.c7db6afb7cd451237dcd6f7b565470af.jpg,Gourami,0.9445845484733582
Dwarf-Gourami_original_616-png_841eb89c-b062-4a5e-9c6d-6954b73c8f33_png_jpg.rf.9f4c0b2de747f871ae7653ea9318e217.jpg,Gourami,0.9170173406600952
Dwarf-Gourami_original_616-png_a7d8a1f1-7b5a-47ad-a8dc-cedff9159fa8_png_jpg.rf.5394d948c54f113bd468764ab9625540.jpg,Gourami,0.8836520910263062
Dwarf-Gourami_original_616-png_a7d8a1f1-7b5a-47ad-a8dc-cedff9159fa8_png_jpg.rf.a7e00c6e443f727b5501a031201a8ad6.jpg,Gourami,0.8846505880355835
Dwarf-Gourami_original_616-png_ade4f458-c205-49b0-9b34-28879198eef4_png_jpg.rf.e934766f078b3da4efbc0267f613fed9.jpg,Gourami,0.8632879853248596
Dwarf-Gourami_original_620-png_a6ad6ad5-8f66-4b17-b9aa-7a8a543beda3_png_jpg.rf.7e7f261cc18d26c838a2c9a1558c8463.jpg,Gourami,0.9239860773086548
Dwarf-Gourami_original_697-png_acdf9aec-b27a-45d5-8f63-d3c06fa6d38d_png_jpg.rf.846c467e92bad75df6d17edbcafc6251.jpg,Gourami,0.9223634600639343
Dwarf-Gourami_original_724-png_5da5594d-119d-48d4-8aab-16f746b8658f_png_jpg.rf.7f88ceeafd708b58690fc2d908df69d0.jpg,Gourami,0.9355801343917847
Dwarf-Gourami_original_79-png_154aa5b2-1a27-43bf-8736-3be6fc24ffdf_png_jpg.rf.534d6011319202a0bc26fdd0551a2265.jpg,Gourami,0.926401674747467
Dwarf-Gourami_original_79-png_154aa5b2-1a27-43bf-8736-3be6fc24ffdf_png_jpg.rf.534d6011319202a0bc26fdd0551a2265.jpg,Gourami,0.9246394038200378
Dwarf-Gourami_original_79-png_154aa5b2-1a27-43bf-8736-3be6fc24ffdf_png_jpg.rf.534d6011319202a0bc26fdd0551a2265.jpg,Gourami,0.9115533232688904
Dwarf-Gourami_original_79-png_154aa5b2-1a27-43bf-8736-3be6fc24ffdf_png_jpg.rf.534d6011319202a0bc26fdd0551a2265.jpg,Gourami,0.893092691898346
Dwarf-Gourami_original_8-png_73b8d52e-2133-4d11-8251-0a6f0bc554d2_png_jpg.rf.afafc76f78dea628a0016569eacfb84a.jpg,Gourami,0.9413946866989136
Dwarf-Gourami_original_80-png_4348578b-7ed9-4394-8151-de29b0272e2c_png_jpg.rf.7a76f762f1caa378a3192b8e3ae97266.jpg,Gourami,0.9396734833717346
Dwarf-Gourami_original_88-png_7dc99899-0de7-4f49-bae9-396b9c53752a_png_jpg.rf.71ffd4d79788c5e59c97a93bebc63fa4.jpg,Gourami,0.9370789527893066
Dwarf-Gourami_original_88-png_f3fe91ed-b1ae-4fd1-98d9-975ad1f4a2d0_png_jpg.rf.d403c1d081d8bb9eaab5cf83b6577145.jpg,Gourami,0.9445375204086304
Dwarf-Gourami_original_9-png_b28d72ab-24c2-48fe-bec9-759f550ef622_png_jpg.rf.337e5bd942487cd6de8bf7486482eb9e.jpg,Gourami,0.9458279609680176
Dwarf-Gourami_original_fishbase-2-jpg_f99fc7e3-74af-4252-a75a-a296055c2af5_jpg.rf.e6ae1382deadc239d2a4e93c484f146b.jpg,Gourami,0.9490578174591064
Dwarf-Gourami_original_gbif-13-png_c2605b07-ea0e-4b4b-8716-f284eea98d07_png_jpg.rf.d9acebacbd7e249d4c388d6bd79d1e34.jpg,Gourami,0.9407696723937988
Dwarf-Gourami_original_gbif-8-png_528c0ce1-ea4c-4bc9-9ba0-67e4fb3d2bb7_png_jpg.rf.d028a5261bdc08d2686f5a41ec8567a0.jpg,Gourami,0.9575445055961609
IMG_20210815_214525__01_jpeg.rf.aee1f0779e51bb42da088f08bfee4d5e.jpg,ThreeStripedDamselfish,0.666615903377533
IMG_2915_JPG_jpg.rf.028044aeaa45fe5ce219cc6db0e4fd58.jpg,YellowCichlid,0.889541745185852
IMG_2939_JPG_jpg.rf.1de459173965d127f482f2e98f20519d.jpg,YellowCichlid,0.8427296280860901
IMG_2940_JPG_jpg.rf.75a29596e5822cefba08654dfa7ece9d.jpg,YellowCichlid,0.8622278571128845
IMG_2946_JPG_jpg.rf.479cc2c824c03b903027e6cec4d3c0ce.jpg,YellowCichlid,0.8781848549842834
IMG_2948_JPG_jpg.rf.f420a0b9cb97bf2c28297b82c3c4d2aa.jpg,YellowCichlid,0.8486713767051697
IMG_2948_JPG_jpg.rf.f420a0b9cb97bf2c28297b82c3c4d2aa.jpg,YellowCichlid,0.7264013886451721
IMG_2948_JPG_jpg.rf.f420a0b9cb97bf2c28297b82c3c4d2aa.jpg,YellowCichlid,0.5825763940811157
IMG_2949_JPG_jpg.rf.73f85bb55009011773b2f567f7b6d750.jpg,YellowCichlid,0.8595455884933472
IMG_2957_JPG_jpg.rf.236c31752ae6079b32509371fcdd2760.jpg,YellowCichlid,0.806755542755127
IMG_2957_JPG_jpg.rf.236c31752ae6079b32509371fcdd2760.jpg,YellowTang,0.5305172801017761
IMG_2972_JPG_jpg.rf.6a0b9c5cac15c80ad2254d8e26b6ebbf.jpg,YellowCichlid,0.886306643486023
IMG_2995_JPG_jpg.rf.c8910a2cad5ff35b690049258a2017d5.jpg,YellowCichlid,0.8510975241661072
IMG_3002_JPG_jpg.rf.5c9f81e1db42d100adffdc04e5370ff6.jpg,YellowCichlid,0.8461223244667053
IMG_3004_JPG_jpg.rf.1e0d31e7d7ebcedff2637d894d05a4bc.jpg,YellowCichlid,0.8371292948722839
IMG_3008_JPG_jpg.rf.00943c0536f16e5a9d4528131f063f51.jpg,YellowCichlid,0.8667826652526855
IMG_3120_jpg.rf.e33238bd987037cd59f664e5f1d2599e.jpg,YellowCichlid,0.7559038400650024
IMG_3120_jpg.rf.e33238bd987037cd59f664e5f1d2599e.jpg,YellowCichlid,0.7556763887405396
IMG_3120_jpg.rf.e33238bd987037cd59f664e5f1d2599e.jpg,YellowCichlid,0.7387108206748962
IMG_3120_jpg.rf.e33238bd987037cd59f664e5f1d2599e.jpg,YellowCichlid,0.7255054116249084
IMG_3120_jpg.rf.e33238bd987037cd59f664e5f1d2599e.jpg,YellowCichlid,0.7199804186820984
IMG_3120_jpg.rf.e33238bd987037cd59f664e5f1d2599e.jpg,YellowCichlid,0.7189229130744934
IMG_3120_jpg.rf.e33238bd987037cd59f664e5f1d2599e.jpg,YellowCichlid,0.7069154977798462
IMG_3120_jpg.rf.e33238bd987037cd59f664e5f1d2599e.jpg,YellowCichlid,0.7055279016494751
IMG_3120_jpg.rf.e33238bd987037cd59f664e5f1d2599e.jpg,YellowCichlid,0.7011222243309021
IMG_3120_jpg.rf.e33238bd987037cd59f664e5f1d2599e.jpg,YellowCichlid,0.6490705013275146
IMG_3120_jpg.rf.e33238bd987037cd59f664e5f1d2599e.jpg,YellowCichlid,0.6271625757217407
IMG_3120_jpg.rf.e33238bd987037cd59f664e5f1d2599e.jpg,YellowCichlid,0.6210649609565735
IMG_3120_jpg.rf.e33238bd987037cd59f664e5f1d2599e.jpg,YellowCichlid,0.5916501879692078
IMG_3120_jpg.rf.e33238bd987037cd59f664e5f1d2599e.jpg,YellowCichlid,0.5803687572479248
IMG_3120_jpg.rf.e33238bd987037cd59f664e5f1d2599e.jpg,YellowCichlid,0.5597953796386719
IMG_3120_jpg.rf.e33238bd987037cd59f664e5f1d2599e.jpg,YellowCichlid,0.5254418253898621
IMG_3120_jpg.rf.e33238bd987037cd59f664e5f1d2599e.jpg,YellowCichlid,0.5190865993499756
IMG_3120_jpg.rf.e33238bd987037cd59f664e5f1d2599e.jpg,YellowCichlid,0.5181430578231812
IMG_3120_jpg.rf.e33238bd987037cd59f664e5f1d2599e.jpg,YellowCichlid,0.5071287155151367
IMG_3120_jpg.rf.e33238bd987037cd59f664e5f1d2599e.jpg,YellowCichlid,0.4482375383377075
IMG_3120_jpg.rf.e33238bd987037cd59f664e5f1d2599e.jpg,YellowCichlid,0.42964550852775574
IMG_3120_jpg.rf.e33238bd987037cd59f664e5f1d2599e.jpg,YellowCichlid,0.4283202588558197
IMG_3120_jpg.rf.e33238bd987037cd59f664e5f1d2599e.jpg,YellowCichlid,0.4253557622432709
IMG_3120_jpg.rf.e33238bd987037cd59f664e5f1d2599e.jpg,YellowCichlid,0.27277836203575134
IMG_3120_jpg.rf.e33238bd987037cd59f664e5f1d2599e.jpg,YellowCichlid,0.25721973180770874
IMG_3127_jpg.rf.44cd058c00c2cb18967ec2e85d1dfacb.jpg,YellowCichlid,0.7697935104370117
IMG_3127_jpg.rf.44cd058c00c2cb18967ec2e85d1dfacb.jpg,YellowCichlid,0.7544525861740112
IMG_3127_jpg.rf.44cd058c00c2cb18967ec2e85d1dfacb.jpg,YellowCichlid,0.7481298446655273
IMG_3127_jpg.rf.44cd058c00c2cb18967ec2e85d1dfacb.jpg,YellowCichlid,0.7468729615211487
IMG_3127_jpg.rf.44cd058c00c2cb18967ec2e85d1dfacb.jpg,YellowCichlid,0.7015140056610107
IMG_3127_jpg.rf.44cd058c00c2cb18967ec2e85d1dfacb.jpg,YellowCichlid,0.6932612657546997
IMG_3127_jpg.rf.44cd058c00c2cb18967ec2e85d1dfacb.jpg,YellowCichlid,0.6894818544387817
IMG_3127_jpg.rf.44cd058c00c2cb18967ec2e85d1dfacb.jpg,YellowCichlid,0.6849244236946106
IMG_3127_jpg.rf.44cd058c00c2cb18967ec2e85d1dfacb.jpg,YellowCichlid,0.6629810333251953
IMG_3127_jpg.rf.44cd058c00c2cb18967ec2e85d1dfacb.jpg,YellowCichlid,0.6458123922348022
IMG_3127_jpg.rf.44cd058c00c2cb18967ec2e85d1dfacb.jpg,YellowCichlid,0.6436272859573364
IMG_3127_jpg.rf.44cd058c00c2cb18967ec2e85d1dfacb.jpg,YellowCichlid,0.6432728171348572
IMG_3127_jpg.rf.44cd058c00c2cb18967ec2e85d1dfacb.jpg,YellowCichlid,0.6335382461547852
IMG_3127_jpg.rf.44cd058c00c2cb18967ec2e85d1dfacb.jpg,YellowCichlid,0.6251757740974426
IMG_3127_jpg.rf.44cd058c00c2cb18967ec2e85d1dfacb.jpg,YellowCichlid,0.6199861764907837
IMG_3127_jpg.rf.44cd058c00c2cb18967ec2e85d1dfacb.jpg,YellowCichlid,0.6034374237060547
IMG_3127_jpg.rf.44cd058c00c2cb18967ec2e85d1dfacb.jpg,YellowCichlid,0.6026609539985657
IMG_3127_jpg.rf.44cd058c00c2cb18967ec2e85d1dfacb.jpg,YellowCichlid,0.6022672057151794
IMG_3127_jpg.rf.44cd058c00c2cb18967ec2e85d1dfacb.jpg,YellowCichlid,0.5883099436759949
IMG_3127_jpg.rf.44cd058c00c2cb18967ec2e85d1dfacb.jpg,YellowCichlid,0.5863581895828247
IMG_3127_jpg.rf.44cd058c00c2cb18967ec2e85d1dfacb.jpg,YellowCichlid,0.5823140740394592
IMG_3127_jpg.rf.44cd058c00c2cb18967ec2e85d1dfacb.jpg,YellowCichlid,0.581614077091217
IMG_3127_jpg.rf.44cd058c00c2cb18967ec2e85d1dfacb.jpg,YellowCichlid,0.5666799545288086
IMG_3127_jpg.rf.44cd058c00c2cb18967ec2e85d1dfacb.jpg,YellowCichlid,0.5660438537597656
IMG_3127_jpg.rf.44cd058c00c2cb18967ec2e85d1dfacb.jpg,YellowCichlid,0.5542306303977966
IMG_3127_jpg.rf.44cd058c00c2cb18967ec2e85d1dfacb.jpg,YellowCichlid,0.5524340867996216
IMG_3127_jpg.rf.44cd058c00c2cb18967ec2e85d1dfacb.jpg,YellowCichlid,0.5290094017982483
IMG_3127_jpg.rf.44cd058c00c2cb18967ec2e85d1dfacb.jpg,YellowCichlid,0.5038713812828064
IMG_3127_jpg.rf.44cd058c00c2cb18967ec2e85d1dfacb.jpg,YellowCichlid,0.5013103485107422
IMG_3127_jpg.rf.44cd058c00c2cb18967ec2e85d1dfacb.jpg,YellowCichlid,0.4929030239582062
IMG_3127_jpg.rf.44cd058c00c2cb18967ec2e85d1dfacb.jpg,YellowCichlid,0.4869571328163147
IMG_3127_jpg.rf.44cd058c00c2cb18967ec2e85d1dfacb.jpg,YellowCichlid,0.47987574338912964
IMG_3127_jpg.rf.44cd058c00c2cb18967ec2e85d1dfacb.jpg,YellowCichlid,0.4774185121059418
IMG_3127_jpg.rf.44cd058c00c2cb18967ec2e85d1dfacb.jpg,YellowCichlid,0.4733445942401886
IMG_3127_jpg.rf.44cd058c00c2cb18967ec2e85d1dfacb.jpg,YellowCichlid,0.464309960603714
IMG_3127_jpg.rf.44cd058c00c2cb18967ec2e85d1dfacb.jpg,YellowCichlid,0.4585328996181488
IMG_3127_jpg.rf.44cd058c00c2cb18967ec2e85d1dfacb.jpg,YellowCichlid,0.41562387347221375
IMG_3127_jpg.rf.44cd058c00c2cb18967ec2e85d1dfacb.jpg,YellowCichlid,0.4154585301876068
IMG_3127_jpg.rf.44cd058c00c2cb18967ec2e85d1dfacb.jpg,YellowCichlid,0.4049832820892334
IMG_3127_jpg.rf.44cd058c00c2cb18967ec2e85d1dfacb.jpg,YellowCichlid,0.3926444947719574
IMG_3127_jpg.rf.44cd058c00c2cb18967ec2e85d1dfacb.jpg,YellowCichlid,0.3669988214969635
IMG_3127_jpg.rf.44cd058c00c2cb18967ec2e85d1dfacb.jpg,YellowCichlid,0.36147260665893555
IMG_3127_jpg.rf.44cd058c00c2cb18967ec2e85d1dfacb.jpg,YellowCichlid,0.3549664318561554
IMG_3127_jpg.rf.44cd058c00c2cb18967ec2e85d1dfacb.jpg,YellowCichlid,0.3541804254055023
IMG_3127_jpg.rf.44cd058c00c2cb18967ec2e85d1dfacb.jpg,YellowCichlid,0.3452785909175873
IMG_3127_jpg.rf.44cd058c00c2cb18967ec2e85d1dfacb.jpg,YellowCichlid,0.3233208656311035
IMG_3127_jpg.rf.44cd058c00c2cb18967ec2e85d1dfacb.jpg,YellowCichlid,0.3191348612308502
IMG_3127_jpg.rf.44cd058c00c2cb18967ec2e85d1dfacb.jpg,YellowCichlid,0.30469974875450134
IMG_3127_jpg.rf.44cd058c00c2cb18967ec2e85d1dfacb.jpg,YellowCichlid,0.2928358018398285
IMG_3127_jpg.rf.44cd058c00c2cb18967ec2e85d1dfacb.jpg,YellowCichlid,0.271857351064682
IMG_3127_jpg.rf.44cd058c00c2cb18967ec2e85d1dfacb.jpg,YellowCichlid,0.26966768503189087
IMG_3127_jpg.rf.44cd058c00c2cb18967ec2e85d1dfacb.jpg,YellowCichlid,0.2682240605354309
IMG_3127_jpg.rf.44cd058c00c2cb18967ec2e85d1dfacb.jpg,YellowCichlid,0.2655433118343353
IMG_3127_jpg.rf.44cd058c00c2cb18967ec2e85d1dfacb.jpg,YellowCichlid,0.2505418360233307
Paletten_Doktorfisch_-Paracanthurus_hepatus-_01_jpg.rf.b8abd360508aee6351cacbe3c6940e00.jpg,BlueTang,0.8611462116241455
ParacanthHepatMarkRosenstein_jpg.rf.71e47439909e29ae323a7c159aeb017f.jpg,BlueTang,0.9216639995574951
ParacanthHepatMarkRosenstein_jpg.rf.71e47439909e29ae323a7c159aeb017f.jpg,BlueTang,0.9046445488929749
ParacanthHepatMarkRosenstein_jpg.rf.71e47439909e29ae323a7c159aeb017f.jpg,BlueTang,0.8951725363731384
ParacanthHepatMarkRosenstein_jpg.rf.729d3a3254a60849743e3219c38f56c4.jpg,BlueTang,0.9444088935852051
Paracanthurus-hepatus-paletten-doktorfisch_jpg.rf.b3a76d5b5b3c739d4207c6bed513d39b.jpg,BlueTang,0.8846505880355835
Paracanthurus-hepatus_jpg.rf.0a6a721d43f03664867dbf55f69b9401.jpg,BlueTang,0.9376564025878906
Paracanthurus-hepatus_jpg.rf.0a6a721d43f03664867dbf55f69b9401.jpg,BlueTang,0.915219783782959
Paracanthurus-hepatus_jpg.rf.0a6a721d43f03664867dbf55f69b9401.jpg,BlueTang,0.8322176337242126
Paracanthurus-hepatus_jpg.rf.0a6a721d43f03664867dbf55f69b9401.jpg,BlueTang,0.8248072266578674
Paracanthurus-hepatus_jpg.rf.862a7d259be0ad3c2b7329038b85da05.jpg,BlueTang,0.823746919631958
ParacanthurusHepatus-218-_jpg.rf.1776afe91c2ccb52d48f44ee98ca7ef4.jpg,BlueTang,0.34729936718940735
ParacanthurusHepatus-218-_jpg.rf.1776afe91c2ccb52d48f44ee98ca7ef4.jpg,YellowTang,0.2732655704021454
ParacanthurusHepatus-254-_jpg.rf.be8f8534fdaf6566310e037d58fec6c1.jpg,BlueTang,0.9340404272079468
ParacanthurusHepatus-255-_jpg.rf.e83eccd217fa3f49ef87d8bf8c9e2b62.jpg,BlueTang,0.9222790002822876
ParacanthurusHepatus-454-_jpg.rf.493ebe4e0b94c1b243cfce73f814e0ef.jpg,YellowTang,0.954950749874115
Paracanthurus_hepatus_Prague_2011_2_jpg.rf.aaa3046f7f650e32315e7f650d1dbdec.jpg,BlueTang,0.9002043008804321
TANG-HIPPO-YELLOW-BELLY-Paracanthurus-hepatus_jpg.rf.004620fa15735560031d60741b3a4664.jpg,BlueTang,0.8558865189552307
TANG-HIPPO-YELLOW-BELLY-Paracanthurus-hepatus_jpg.rf.d8cdc4f0675210d392817e01f391b11a.jpg,BlueTang,0.9273062348365784
TANG-HIPPO-YELLOW-BELLY-Paracanthurus-hepatus_jpg.rf.d8cdc4f0675210d392817e01f391b11a.jpg,BlueTang,0.8894047737121582
TANG-HIPPO-YELLOW-BELLY-Paracanthurus-hepatus_jpg.rf.d8cdc4f0675210d392817e01f391b11a.jpg,BlueTang,0.719011127948761
TANG-HIPPO-YELLOW-BELLY-Paracanthurus-hepatus_jpg.rf.d8cdc4f0675210d392817e01f391b11a.jpg,BlueTang,0.6687262654304504
Tang-Blue-Hippo-Paracanthurus-hepatus-1_jpg.rf.022608fcaa4722976e8a105c06e67e86.jpg,BlueTang,0.8247811794281006
ThreeStripeDamselfish4_jpeg.rf.76597133b606a8920ca3c71bbf24f8d1.jpg,ThreeStripedDamselfish,0.862331211566925
Zebrafish-Green-24-_png_jpg.rf.d7a67e64e1e92f1c648f6d91b90ecfed.jpg,ZebraFish,0.8801196813583374
Zebrafish-Green-3-_png_jpg.rf.665b1a65c315478c4504d0fa97dc01b2.jpg,ZebraFish,0.9044143557548523
Zebrafish-Green-33-_png_jpg.rf.92c0badd62ef89262c133ebbd7c28069.jpg,ZebraFish,0.9210574626922607
Zebrafish-Green-33-_png_jpg.rf.92c0badd62ef89262c133ebbd7c28069.jpg,ZebraFish,0.9176032543182373
Zebrafish-Green-33-_png_jpg.rf.92c0badd62ef89262c133ebbd7c28069.jpg,ZebraFish,0.9131218791007996
Zebrafish-Green-33-_png_jpg.rf.92c0badd62ef89262c133ebbd7c28069.jpg,ZebraFish,0.9094846248626709
Zebrafish-Green-33-_png_jpg.rf.92c0badd62ef89262c133ebbd7c28069.jpg,ZebraFish,0.9053332805633545
Zebrafish-Green-33-_png_jpg.rf.92c0badd62ef89262c133ebbd7c28069.jpg,ZebraFish,0.9021946787834167
Zebrafish-Green-4-_png_jpg.rf.151d64989b48f86f30ffeb278deff195.jpg,ZebraFish,0.9129486680030823
Zebrafish-Green-4-_png_jpg.rf.151d64989b48f86f30ffeb278deff195.jpg,ZebraFish,0.910705029964447
Zebrafish-Green-4-_png_jpg.rf.151d64989b48f86f30ffeb278deff195.jpg,ZebraFish,0.8739573359489441
Zebrafish-Green-46-_png_jpg.rf.c6d300cb2b4740d33ffb6afed34b3ba9.jpg,ZebraFish,0.9324797987937927
Zebrafish-Green-46-_png_jpg.rf.c6d300cb2b4740d33ffb6afed34b3ba9.jpg,ZebraFish,0.9007158279418945
Zebrafish-Green-46-_png_jpg.rf.c6d300cb2b4740d33ffb6afed34b3ba9.jpg,ZebraFish,0.892948567867279
Zebrafish-Green-46-_png_jpg.rf.d851b5b76102e6110bf49f99f793dbac.jpg,ZebraFish,0.9020819664001465
Zebrafish-Green-46-_png_jpg.rf.d851b5b76102e6110bf49f99f793dbac.jpg,ZebraFish,0.8997890949249268
Zebrafish-Green-46-_png_jpg.rf.d851b5b76102e6110bf49f99f793dbac.jpg,ZebraFish,0.8805500268936157
Zebrafish-Not-Green-110-_png_jpg.rf.4efbf03e7ea9eed807c3f9273f324ab9.jpg,ZebraFish,0.9019728302955627
Zebrafish-Not-Green-112-_png_jpg.rf.cd74c34b95a06a80c49d6da72287de95.jpg,ZebraFish,0.9076848030090332
Zebrafish-Not-Green-128-_png_jpg.rf.7fb4e753dd4d43545eac447e9355f84d.jpg,ZebraFish,0.9037597179412842
Zebrafish-Not-Green-130-_png_jpg.rf.52bc9ed0c6d8d16c823eec3487e5682e.jpg,ZebraFish,0.8917405605316162
Zebrafish-Not-Green-141-_png_jpg.rf.873e328d27a779181f752422cf0ce387.jpg,ZebraFish,0.9025290012359619
Zebrafish-Not-Green-144-_png_jpg.rf.eafc826da173805a188d855bfd66bade.jpg,ZebraFish,0.901354193687439
Zebrafish-Not-Green-154-_png_jpg.rf.b3d6efe77796a95a1db02e01941d33e0.jpg,ZebraFish,0.9341128468513489
Zebrafish-Not-Green-155-_png_jpg.rf.a27f0152c5dccee80159eb377462bfd0.jpg,ZebraFish,0.9273865222930908
Zebrafish-Not-Green-156-_png_jpg.rf.6b2c930a650de42fb45edfc31497f5a7.jpg,ZebraFish,0.8979319930076599
Zebrafish-Not-Green-170-_png_jpg.rf.95e8d55f762ea9de1451a5d4adebd790.jpg,ZebraFish,0.8995527029037476
Zebrafish-Not-Green-170-_png_jpg.rf.95e8d55f762ea9de1451a5d4adebd790.jpg,ZebraFish,0.8894407153129578
Zebrafish-Not-Green-170-_png_jpg.rf.95e8d55f762ea9de1451a5d4adebd790.jpg,ZebraFish,0.8760032653808594
Zebrafish-Not-Green-170-_png_jpg.rf.95e8d55f762ea9de1451a5d4adebd790.jpg,ZebraFish,0.8563319444656372
Zebrafish-Not-Green-172-_png_jpg.rf.01228911451b1edb99fb5430fcc4c4c4.jpg,ZebraFish,0.9172583222389221
Zebrafish-Not-Green-172-_png_jpg.rf.01228911451b1edb99fb5430fcc4c4c4.jpg,ZebraFish,0.9133762121200562
Zebrafish-Not-Green-172-_png_jpg.rf.01228911451b1edb99fb5430fcc4c4c4.jpg,ZebraFish,0.9027295708656311
Zebrafish-Not-Green-180-_png_jpg.rf.03eb5a98001d9c9cc0ec6928f4e5ef3e.jpg,ZebraFish,0.9260736107826233
Zebrafish-Not-Green-180-_png_jpg.rf.03eb5a98001d9c9cc0ec6928f4e5ef3e.jpg,ZebraFish,0.9156646728515625
Zebrafish-Not-Green-189-_png_jpg.rf.ddda97535de588134d9143714c8dbd36.jpg,ZebraFish,0.9186288118362427
Zebrafish-Not-Green-190-_png_jpg.rf.e9b3811adb9664ce698ac65fc07be71f.jpg,ZebraFish,0.9208376407623291
Zebrafish-Not-Green-194-_png_jpg.rf.bcc447a9099f3b0de4f567ecc09f50f9.jpg,ZebraFish,0.9335920214653015
Zebrafish-Not-Green-194-_png_jpg.rf.bcc447a9099f3b0de4f567ecc09f50f9.jpg,ZebraFish,0.9143106341362
Zebrafish-Not-Green-202-_png_jpg.rf.bc448eb7535a8369ed60b41ef68ae09b.jpg,ZebraFish,0.9201277494430542
Zebrafish-Not-Green-203-_png_jpg.rf.d7c1035368f16b64cf6142fc9e58fb18.jpg,ZebraFish,0.9402869939804077
Zebrafish-Not-Green-207-_png_jpg.rf.cb86dc6aeb0c8a699341f03438c3665f.jpg,ZebraFish,0.9095218181610107
Zebrafish-Not-Green-215-_png_jpg.rf.95c6da897d3aab08ac6289e972c079bf.jpg,ZebraFish,0.9124245047569275
Zebrafish-Not-Green-215-_png_jpg.rf.95c6da897d3aab08ac6289e972c079bf.jpg,ZebraFish,0.8866696953773499
Zebrafish-Not-Green-216-_png_jpg.rf.217cba3a6ffc985a90e589938a417a81.jpg,ZebraFish,0.9045746326446533
Zebrafish-Not-Green-219-_png_jpg.rf.4d4a12b861fe81c230a1c1ba69432a0e.jpg,ZebraFish,0.8990612030029297
Zebrafish-Not-Green-221-_png_jpg.rf.f254f4ff5f74a9152f20c1f95bd7aa5e.jpg,ZebraFish,0.9095662236213684
Zebrafish-Not-Green-227-_png_jpg.rf.0a40121a6ec9cdde12212d3e8f082ea1.jpg,ZebraFish,0.9062924981117249
Zebrafish-Not-Green-227-_png_jpg.rf.51b2301b8fffaa2f852dee763bae9cc6.jpg,ZebraFish,0.9027889966964722
Zebrafish-Not-Green-238-_png_jpg.rf.3e07916d661a65cdd33b7ec760d629fe.jpg,ZebraFish,0.9198949933052063
Zebrafish-Not-Green-243-_png_jpg.rf.e03fa38dd2f4028f71af38dccb057210.jpg,ZebraFish,0.92308509349823
Zebrafish-Not-Green-246-_png_jpg.rf.ee959f435a6e0328af40793aaafec3bb.jpg,ZebraFish,0.916418194770813
Zebrafish-Not-Green-249-_png_jpg.rf.9c934bc7b3ecb0556167a5d870a138d0.jpg,ZebraFish,0.9282565712928772
Zebrafish-Not-Green-249-_png_jpg.rf.9c934bc7b3ecb0556167a5d870a138d0.jpg,ZebraFish,0.9167829751968384
Zebrafish-Not-Green-250-_png_jpg.rf.c1bd2a7339662270014c20df096b83fd.jpg,ZebraFish,0.8607971668243408
Zebrafish-Not-Green-254-_png_jpg.rf.6ced5c89b11ba2f3c160da04235be141.jpg,ZebraFish,0.9160799980163574
Zebrafish-Not-Green-254-_png_jpg.rf.6ced5c89b11ba2f3c160da04235be141.jpg,ZebraFish,0.9128289818763733
Zebrafish-Not-Green-254-_png_jpg.rf.6ced5c89b11ba2f3c160da04235be141.jpg,ZebraFish,0.8986310958862305
Zebrafish-Not-Green-254-_png_jpg.rf.6ced5c89b11ba2f3c160da04235be141.jpg,ZebraFish,0.8977038264274597
Zebrafish-Not-Green-254-_png_jpg.rf.6ced5c89b11ba2f3c160da04235be141.jpg,ZebraFish,0.8827390074729919
Zebrafish-Not-Green-265-_png_jpg.rf.e4d1fd83eea44547464cddb24fde96b9.jpg,ZebraFish,0.9013804793357849
Zebrafish-Not-Green-267-_png_jpg.rf.2bd7c29b493a591d07800e83490f624d.jpg,ZebraFish,0.9001690745353699
Zebrafish-Not-Green-270-_png_jpg.rf.8fe0861b1f00e1a6cdfb857630b64724.jpg,ZebraFish,0.9137954115867615
Zebrafish-Not-Green-275-_png_jpg.rf.399a93b054c1864e3edd13345cd38c3e.jpg,ZebraFish,0.9319304823875427
Zebrafish-Not-Green-275-_png_jpg.rf.399a93b054c1864e3edd13345cd38c3e.jpg,ZebraFish,0.8967071175575256
Zebrafish-Not-Green-275-_png_jpg.rf.7eeaacebef21f691a33dfb2f8d174954.jpg,ZebraFish,0.9278369545936584
Zebrafish-Not-Green-275-_png_jpg.rf.7eeaacebef21f691a33dfb2f8d174954.jpg,ZebraFish,0.8933337926864624
Zebrafish-Not-Green-281-_png_jpg.rf.f77653f4157f60ecfc272d5855b8caf3.jpg,ZebraFish,0.9224178194999695
Zebrafish-Not-Green-291-_png_jpg.rf.c1dc90323e0ea3f884c7b36f429e9fee.jpg,ZebraFish,0.9008999466896057
Zebrafish-Not-Green-298-_png_jpg.rf.c313d834f108cd5d6c398399f959dc22.jpg,ZebraFish,0.8818584680557251
Zebrafish-Not-Green-298-_png_jpg.rf.c313d834f108cd5d6c398399f959dc22.jpg,ZebraFish,0.8533596992492676
Zebrafish-Not-Green-305-_png_jpg.rf.5a23eae4f87e2a801fb9c63de52dd841.jpg,ZebraFish,0.8831285238265991
Zebrafish-Not-Green-312-_png_jpg.rf.b72a68b0cd8469aee65aaf468b802ba8.jpg,ZebraFish,0.9072105884552002
Zebrafish-Not-Green-324-_png_jpg.rf.1acd48fdd11af2b3aba5bcc7421450e8.jpg,ZebraFish,0.8738492131233215
Zebrafish-Not-Green-332-_png_jpg.rf.32b389ce5f51f9bd7bae3d778b0bb240.jpg,ZebraFish,0.9066503047943115
Zebrafish-Not-Green-333-_png_jpg.rf.018972f18bd6ab65eb41798042c1ac81.jpg,ZebraFish,0.9053328037261963
Zebrafish-Not-Green-333-_png_jpg.rf.018972f18bd6ab65eb41798042c1ac81.jpg,ZebraFish,0.5097112059593201
Zebrafish-Not-Green-333-_png_jpg.rf.dc70af32baccee3e945726328bbb18c2.jpg,ZebraFish,0.8996796607971191
Zebrafish-Not-Green-337-_png_jpg.rf.36b4d9f344d156eb7e27caa5afe8f7fc.jpg,ZebraFish,0.8992547392845154
Zebrafish-Not-Green-337-_png_jpg.rf.36b4d9f344d156eb7e27caa5afe8f7fc.jpg,ZebraFish,0.8909139633178711
Zebrafish-Not-Green-340-_png_jpg.rf.25a4bfca311359ccc7edb42b093e88c6.jpg,ZebraFish,0.8826769590377808
Zebrafish-Not-Green-340-_png_jpg.rf.25a4bfca311359ccc7edb42b093e88c6.jpg,ZebraFish,0.8806377053260803
Zebrafish-Not-Green-340-_png_jpg.rf.25a4bfca311359ccc7edb42b093e88c6.jpg,ZebraFish,0.8492224812507629
Zebrafish-Not-Green-349-_png_jpg.rf.f86f12c8cf3402d75ce868879a3f3987.jpg,ZebraFish,0.880606472492218
Zebrafish-Not-Green-350-_png_jpg.rf.7e0b2b077fbd438e4fa3060dcb194ccb.jpg,ZebraFish,0.897663414478302
Zebrafish-Not-Green-353-_png_jpg.rf.2f7b8279324bae178c8cd5664f6d4a17.jpg,ZebraFish,0.9078596830368042
Zebrafish-Not-Green-358-_png_jpg.rf.6af2d6a0298fe2574a0f1f0a2f363cdb.jpg,ZebraFish,0.9287586808204651
Zebrafish-Not-Green-358-_png_jpg.rf.6af2d6a0298fe2574a0f1f0a2f363cdb.jpg,ZebraFish,0.9226210713386536
Zebrafish-Not-Green-358-_png_jpg.rf.6af2d6a0298fe2574a0f1f0a2f363cdb.jpg,ZebraFish,0.8805306553840637
Zebrafish-Not-Green-358-_png_jpg.rf.6af2d6a0298fe2574a0f1f0a2f363cdb.jpg,PlatyFish,0.7839771509170532
Zebrafish-Not-Green-358-_png_jpg.rf.6af2d6a0298fe2574a0f1f0a2f363cdb.jpg,ZebraFish,0.3001488745212555
Zebrafish-Not-Green-363-_png_jpg.rf.5d0c3bce209ee9880380ae19c52434aa.jpg,ZebraFish,0.8919522762298584
Zebrafish-Not-Green-363-_png_jpg.rf.5d0c3bce209ee9880380ae19c52434aa.jpg,ZebraFish,0.864594578742981
Zebrafish-Not-Green-363-_png_jpg.rf.5d0c3bce209ee9880380ae19c52434aa.jpg,ZebraFish,0.8512396812438965
Zebrafish-Not-Green-363-_png_jpg.rf.5d0c3bce209ee9880380ae19c52434aa.jpg,ZebraFish,0.7818603515625
Zebrafish-Not-Green-368-_png_jpg.rf.8beb6bc5dae866ba74e96c5fabfe9324.jpg,ZebraFish,0.927471399307251
Zebrafish-Not-Green-370-_png_jpg.rf.faf0899b52094932e08d034375bf40a9.jpg,ZebraFish,0.9502177834510803
Zebrafish-Not-Green-370-_png_jpg.rf.faf0899b52094932e08d034375bf40a9.jpg,ZebraFish,0.9366186857223511
Zebrafish-Not-Green-378-_png_jpg.rf.85e153d92a28bda769fc4520c5910913.jpg,ZebraFish,0.8766615986824036
Zebrafish-Not-Green-379-_png_jpg.rf.20906b3238ebc4e7459ee707bef2dd0d.jpg,ZebraFish,0.9243566989898682
Zebrafish-Not-Green-379-_png_jpg.rf.20906b3238ebc4e7459ee707bef2dd0d.jpg,ZebraFish,0.8959587216377258
Zebrafish-Not-Green-384-_png_jpg.rf.18d33658a402dc37cb8faaaf83cb50d6.jpg,ZebraFish,0.9388483166694641
Zebrafish-Not-Green-384-_png_jpg.rf.c9a764b5fefd0568562712a5f4cd36b3.jpg,ZebraFish,0.935671865940094
Zebrafish-Not-Green-386-_png_jpg.rf.4b4ac3006b92027879bc86fd8697829f.jpg,ZebraFish,0.921271562576294
Zebrafish-Not-Green-386-_png_jpg.rf.4b4ac3006b92027879bc86fd8697829f.jpg,ZebraFish,0.8833119869232178
Zebrafish-Not-Green-392-_png_jpg.rf.0170c59a2b9f34f1bb626acaf5a9c370.jpg,ZebraFish,0.9352096319198608
Zebrafish-Not-Green-398-_png_jpg.rf.b51fd06f87f42bacaa2e0948bed54e53.jpg,ZebraFish,0.9364559054374695
Zebrafish-Not-Green-399-_png_jpg.rf.3cb659f33b214ac3d07a2ee7749ee9cc.jpg,ZebraFish,0.9265720844268799
Zebrafish-Not-Green-404-_png_jpg.rf.90900b8bba636ae89c52d969163fa93a.jpg,ZebraFish,0.9313733577728271
Zebrafish-Not-Green-404-_png_jpg.rf.be912dabf91c622778f4aaa7e61702e9.jpg,ZebraFish,0.9280120134353638
Zebrafish-Not-Green-407-_png_jpg.rf.bddf438a989aa17d27414133b7ae7539.jpg,ZebraFish,0.9071911573410034
Zebrafish-Not-Green-409-_png_jpg.rf.ddd1aba6151382fdc23ad4376915de85.jpg,ZebraFish,0.9276196360588074
Zebrafish-Not-Green-409-_png_jpg.rf.ddd1aba6151382fdc23ad4376915de85.jpg,ZebraFish,0.9238292574882507
Zebrafish-Not-Green-411-_png_jpg.rf.4100af7afd0d49a7baf13bf7e99925ed.jpg,ZebraFish,0.9583076238632202
Zebrafish-Not-Green-430-_png_jpg.rf.2340207ea05da8231f7c336a119546aa.jpg,ZebraFish,0.9290834665298462
Zebrafish-Not-Green-70-_png_jpg.rf.b2047d4d04f615cf788b34e59a2d9224.jpg,ZebraFish,0.9003657698631287
Zebrafish-Not-Green-72-_png_jpg.rf.6b2e436e4ca1b455d86a65bfff691552.jpg,ZebraFish,0.9132037162780762
Zebrafish-Not-Green-84-_png_jpg.rf.d7b3f19759fc1426e10671c06c8bb7f3.jpg,ZebraFish,0.9129873514175415
Zebrafish-Not-Green-86-_png_jpg.rf.3ecb55e23ac8cd26cbecd5769203cbf1.jpg,ZebraFish,0.9408190250396729
Zebrafish-Not-Green-86-_png_jpg.rf.3ecb55e23ac8cd26cbecd5769203cbf1.jpg,ZebraFish,0.925665020942688
Zebrafish-Not-Green-86-_png_jpg.rf.3ecb55e23ac8cd26cbecd5769203cbf1.jpg,ZebraFish,0.9196897745132446
Zebrafish-Not-Green-86-_png_jpg.rf.3ecb55e23ac8cd26cbecd5769203cbf1.jpg,ZebraFish,0.9085617661476135
Zebrafish-Not-Green-86-_png_jpg.rf.3ecb55e23ac8cd26cbecd5769203cbf1.jpg,ZebraFish,0.8943782448768616
Zebrafish-Not-Green-86-_png_jpg.rf.3ecb55e23ac8cd26cbecd5769203cbf1.jpg,ZebraFish,0.8812956213951111
Zebrafish-Not-Green-87-_png_jpg.rf.e8bafcd40a307d5eb3b500e82d1a6849.jpg,ZebraFish,0.9125327467918396
Zebrafish-Not-Green-92-_png_jpg.rf.22ffc995bafc8e12c78055280c111fcc.jpg,ZebraFish,0.9185194969177246
ZebrasomaFlavescens-119-_jpg.rf.af3afb78e1ec89fd01d7e9b20caf9a3f.jpg,YellowTang,0.9218154549598694
ZebrasomaFlavescens-133-_jpg.rf.781763efd0cd63961a8ef3ea0929df59.jpg,YellowTang,0.7855056524276733
ZebrasomaFlavescens-136-_jpg.rf.cc1af0e47a697cae11aec7551ade1aba.jpg,YellowTang,0.8808878660202026
ZebrasomaFlavescens-147-_jpg.rf.6701b625813c40c3a1ad48b9d7e442d8.jpg,YellowTang,0.8776190280914307
ZebrasomaFlavescens-152-_jpg.rf.11ab6a69c4bbbf0c0a392fa45f4c30a2.jpg,YellowTang,0.8816279768943787
ZebrasomaFlavescens-158-_jpg.rf.865b41d8700afbe9b15cf8e6a5eeae2c.jpg,YellowTang,0.8140400648117065
ZebrasomaFlavescens-158-_jpg.rf.865b41d8700afbe9b15cf8e6a5eeae2c.jpg,ClownFish,0.6481199860572815
ZebrasomaFlavescens-159-_jpg.rf.37ce57431140a708eaac9d131fb9c635.jpg,YellowTang,0.9087148904800415
ZebrasomaFlavescens-166-_jpg.rf.80a0de102309eb1eda67d09c07a9bf7b.jpg,YellowTang,0.8724777102470398
ZebrasomaFlavescens-193-_jpg.rf.f583a7f9d95c934202d965b68d99a00d.jpg,YellowTang,0.8650420904159546
ZebrasomaFlavescens-2-_jpeg_jpg.rf.11633327782dac14eb0c33f55b3eebd4.jpg,YellowTang,0.8789064884185791
ZebrasomaFlavescens-203-_jpg.rf.a148f584df964b66944d3b91a71e79b0.jpg,YellowTang,0.8732814788818359
ZebrasomaFlavescens-227-_jpg.rf.68c321461f8a71c0fe849af44d247a01.jpg,YellowTang,0.8824555277824402
ZebrasomaFlavescens-232-_jpg.rf.aaf4931b2b13229e7d63fe0521ffdfce.jpg,YellowTang,0.8632135987281799
ZebrasomaFlavescens-241-_jpg.rf.3594130805dd9627c64ead1da5a020f6.jpg,YellowTang,0.8765168190002441
ZebrasomaFlavescens-254-_jpg.rf.e528bcc79ceae769d5c217f3ffc99384.jpg,YellowTang,0.9119040369987488
ZebrasomaFlavescens-260-_jpg.rf.0ff2696e5e3e56b44dea853b60faa5a3.jpg,YellowTang,0.8686382174491882
ZebrasomaFlavescens-272-_jpg.rf.111ab934d95f7a15e1758e54b9d54945.jpg,YellowTang,0.8433292508125305
ZebrasomaFlavescens-272-_jpg.rf.111ab934d95f7a15e1758e54b9d54945.jpg,YellowTang,0.7556405067443848
ZebrasomaFlavescens-272-_jpg.rf.111ab934d95f7a15e1758e54b9d54945.jpg,YellowTang,0.7521899938583374
ZebrasomaFlavescens-272-_jpg.rf.111ab934d95f7a15e1758e54b9d54945.jpg,YellowTang,0.742470383644104
ZebrasomaFlavescens-272-_jpg.rf.111ab934d95f7a15e1758e54b9d54945.jpg,YellowTang,0.7070733308792114
ZebrasomaFlavescens-272-_jpg.rf.111ab934d95f7a15e1758e54b9d54945.jpg,YellowTang,0.6408869624137878
ZebrasomaFlavescens-272-_jpg.rf.111ab934d95f7a15e1758e54b9d54945.jpg,YellowTang,0.5885171294212341
ZebrasomaFlavescens-272-_jpg.rf.111ab934d95f7a15e1758e54b9d54945.jpg,YellowTang,0.5228850245475769
ZebrasomaFlavescens-272-_jpg.rf.111ab934d95f7a15e1758e54b9d54945.jpg,YellowTang,0.47682419419288635
ZebrasomaFlavescens-272-_jpg.rf.111ab934d95f7a15e1758e54b9d54945.jpg,YellowTang,0.4516030550003052
ZebrasomaFlavescens-272-_jpg.rf.111ab934d95f7a15e1758e54b9d54945.jpg,ButterflyFish,0.44118532538414
ZebrasomaFlavescens-272-_jpg.rf.111ab934d95f7a15e1758e54b9d54945.jpg,YellowTang,0.41813158988952637
ZebrasomaFlavescens-272-_jpg.rf.111ab934d95f7a15e1758e54b9d54945.jpg,YellowTang,0.34972772002220154
ZebrasomaFlavescens-272-_jpg.rf.111ab934d95f7a15e1758e54b9d54945.jpg,YellowTang,0.3006836175918579
ZebrasomaFlavescens-272-_jpg.rf.111ab934d95f7a15e1758e54b9d54945.jpg,YellowTang,0.2760741710662842
ZebrasomaFlavescens-273-_jpg.rf.d78e54e0724a890bd6198070ac7d5b20.jpg,YellowTang,0.8714836835861206
ZebrasomaFlavescens-279-_jpg.rf.efab580dceda6046704f9f6521785222.jpg,ClownFish,0.9103711843490601
ZebrasomaFlavescens-279-_jpg.rf.efab580dceda6046704f9f6521785222.jpg,YellowTang,0.863079845905304
ZebrasomaFlavescens-279-_jpg.rf.efab580dceda6046704f9f6521785222.jpg,YellowTang,0.8122891187667847
ZebrasomaFlavescens-279-_jpg.rf.efab580dceda6046704f9f6521785222.jpg,BlueTang,0.2952405512332916
ZebrasomaFlavescens-283-_jpg.rf.5f4a42bc20af898b363aa69b308af5a4.jpg,YellowTang,0.9087989926338196
ZebrasomaFlavescens-303-_jpg.rf.118e48c4545340c67bc62449df98e140.jpg,YellowTang,0.8663544058799744
ZebrasomaFlavescens-303-_jpg.rf.118e48c4545340c67bc62449df98e140.jpg,YellowTang,0.763053297996521
ZebrasomaFlavescens-303-_jpg.rf.118e48c4545340c67bc62449df98e140.jpg,YellowTang,0.4673483669757843
ZebrasomaFlavescens-303-_jpg.rf.118e48c4545340c67bc62449df98e140.jpg,YellowTang,0.3268689513206482
ZebrasomaFlavescens-308-_jpg.rf.a9c1fb810e7e7a99717a2c77d878746d.jpg,YellowTang,0.9175631403923035
ZebrasomaFlavescens-353-_jpg.rf.8b1af0e84244828eee88585503617b7c.jpg,YellowTang,0.8993045091629028
ZebrasomaFlavescens-363-_jpg.rf.be71f6313f39d90176a7415076f8fe7a.jpg,YellowTang,0.8854128122329712
ZebrasomaFlavescens-375-_jpg.rf.880e2c62aa47d7041afe26515f6e1538.jpg,YellowTang,0.878823459148407
ZebrasomaFlavescens-440-_jpg.rf.2bc0c4d4bbc859bd87c0b46726543351.jpg,YellowTang,0.8406829833984375
ZebrasomaFlavescens-440-_jpg.rf.2bc0c4d4bbc859bd87c0b46726543351.jpg,YellowTang,0.5608976483345032
ZebrasomaFlavescens-440-_jpg.rf.2bc0c4d4bbc859bd87c0b46726543351.jpg,YellowTang,0.4922622740268707
ZebrasomaFlavescens-486-_jpg.rf.3574a423d8a4430c0ef09a9f923efc8b.jpg,YellowTang,0.8457918763160706
ZebrasomaFlavescens-489-_jpg.rf.fa30a9ee8f640ec4072010102628877a.jpg,YellowTang,0.8955327272415161
ZebrasomaFlavescens-489-_jpg.rf.fa30a9ee8f640ec4072010102628877a.jpg,YellowTang,0.8240467309951782
ZebrasomaFlavescens-492-_jpg.rf.86f8989d40cc05d4ecabd8f16e635961.jpg,YellowTang,0.8895607590675354
ZebrasomaFlavescens-498-_jpg.rf.a277c4390ca9b0e948879827a22ba682.jpg,YellowTang,0.9400120377540588
ZebrasomaFlavescens-498-_jpg.rf.a277c4390ca9b0e948879827a22ba682.jpg,YellowTang,0.6188461184501648
ZebrasomaFlavescens-499-_jpg.rf.ee7376faf1f286c5ed668fa09c0a1347.jpg,YellowTang,0.9213362336158752
ZebrasomaFlavescens-532-_jpg.rf.24632bd7c1b6858143e936d87b06e888.jpg,YellowTang,0.8893869519233704
ZebrasomaFlavescens-552-_jpg.rf.6ebb59b6c98f48cb10ea12c33a58ab37.jpg,YellowTang,0.8864304423332214
ZebrasomaFlavescens-553-_jpg.rf.212820f4c4ad079cfacd87327a49b82b.jpg,YellowTang,0.956229031085968
ZebrasomaFlavescens-558-_jpg.rf.df0042a48ec7a2dfae43a67b8199b28c.jpg,YellowTang,0.8891668319702148
ZebrasomaFlavescens-558-_jpg.rf.df0042a48ec7a2dfae43a67b8199b28c.jpg,ClownFish,0.5492645502090454
ZebrasomaFlavescens-558-_jpg.rf.df0042a48ec7a2dfae43a67b8199b28c.jpg,ClownFish,0.3741638660430908
ZebrasomaFlavescens-565-_jpg.rf.34e51cba5469da819108539c1c8c2a69.jpg,YellowTang,0.9414567947387695
ZebrasomaFlavescens-572-_jpg.rf.c8f24a6c245fabbd62ddda5a2fc50824.jpg,YellowTang,0.8403276801109314
ZebrasomaFlavescens-578-_jpg.rf.8bb2d562f87d961c9f9723ff2f1d56ac.jpg,YellowTang,0.908044159412384
ZebrasomaFlavescens-583-_jpg.rf.60bd0b5e2a6a084718b1888dbb1da28c.jpg,YellowTang,0.8446956872940063
ZebrasomaFlavescens-598-_jpg.rf.7cd37a38a7194d56c7275f7eee1c04b2.jpg,YellowTang,0.9052807092666626
ZebrasomaFlavescens-602-_jpg.rf.bd5c0150a73f2fe5c1349a9abfdf73bd.jpg,YellowTang,0.8424474596977234
ZebrasomaFlavescens-607-_jpg.rf.b2d61bebf21b674c25a19116cbbf88b6.jpg,YellowTang,0.9225796461105347
ZebrasomaFlavescens-615-_jpg.rf.c7af4845be6ec56cf3127039879ada20.jpg,YellowTang,0.8854177594184875
ZebrasomaFlavescens-90-_jpg.rf.a2f1e3d4194955a12821d0e09d7f1e87.jpg,YellowTang,0.9013182520866394
amphiprion-percula-picasso-a2-picasso-percula-clownfish-1-_jpg.rf.fcb11d671fcd7a75a73b7d89100031aa.jpg,ClownFish,0.8798584938049316
amphiprion-percula-picasso-a2-picasso-percula-clownfish-1-_jpg.rf.fcb11d671fcd7a75a73b7d89100031aa.jpg,ClownFish,0.843191921710968
batch_1_34_goldfish_13_jpg.rf.1b580706c56b9d6ad7c2e4bed832a9bc.jpg,GoldFish,0.8706538677215576
batch_1_34_goldfish_13_jpg.rf.1b580706c56b9d6ad7c2e4bed832a9bc.jpg,GoldFish,0.8554583787918091
batch_1_34_goldfish_16_jpg.rf.73d3b54fcd78397e84ddf0279b677a85.jpg,GoldFish,0.8917492032051086
batch_1_34_goldfish_1_jpg.rf.dba75dd6bb547d0ade2b9b03e5ed1b78.jpg,GoldFish,0.875903844833374
batch_1_34_goldfish_20_jpg.rf.23c0122b0663b999cd86d97a8c3b879e.jpg,GoldFish,0.8357135653495789
batch_1_34_goldfish_24_jpg.rf.be51dc4fca15814ee94d540f4a6357bf.jpg,GoldFish,0.8661502599716187
batch_1_34_goldfish_5_jpg.rf.4c09ba87ee809dd4a8703257e85852d7.jpg,GoldFish,0.8811705708503723
batch_1_34_goldfish_9_jpg.rf.54b8ad2a61f251d6e4a38c90448dc061.jpg,GoldFish,0.9129593372344971
batch_1_34_goldfish_flipped_10_jpg.rf.8bc4c2c84ab354d2313c90cae62ba6ba.jpg,GoldFish,0.8357579708099365
batch_1_34_goldfish_flipped_13_jpg.rf.f96e89d5fb6aac8ea90abd83402a392f.jpg,GoldFish,0.8730957508087158
batch_1_34_goldfish_flipped_13_jpg.rf.f96e89d5fb6aac8ea90abd83402a392f.jpg,GoldFish,0.8652618527412415
batch_1_34_goldfish_flipped_18_jpg.rf.aaca63646137666c867e61653ef31ee2.jpg,GoldFish,0.9207450747489929
batch_1_34_goldfish_flipped_18_jpg.rf.aaca63646137666c867e61653ef31ee2.jpg,GoldFish,0.8999048471450806
batch_1_34_goldfish_flipped_18_jpg.rf.aaca63646137666c867e61653ef31ee2.jpg,GoldFish,0.8549876809120178
batch_1_34_goldfish_flipped_19_jpg.rf.fdf6dd8385ed7135d084319f59d0143b.jpg,GoldFish,0.8825644254684448
batch_1_34_goldfish_flipped_33_jpg.rf.84f7cc837534bf311cfc24a573e37c35.jpg,GoldFish,0.8577221035957336
batch_google_40_molly_14_jpg.rf.23b99e9a629271aa0ee445805fac1e29.jpg,PlatyFish,0.911373496055603
batch_google_40_molly_14_jpg.rf.23b99e9a629271aa0ee445805fac1e29.jpg,PlatyFish,0.9052998423576355
batch_google_40_molly_28_jpg.rf.a9f92da9fe4e60b18775af1b8c1c66b6.jpg,PlatyFish,0.953685462474823
batch_google_40_molly_28_jpg.rf.a9f92da9fe4e60b18775af1b8c1c66b6.jpg,PlatyFish,0.9455677270889282
batch_google_40_molly_28_jpg.rf.a9f92da9fe4e60b18775af1b8c1c66b6.jpg,PlatyFish,0.945213794708252
batch_google_40_molly_28_jpg.rf.a9f92da9fe4e60b18775af1b8c1c66b6.jpg,PlatyFish,0.9370246529579163
batch_google_40_molly_28_jpg.rf.a9f92da9fe4e60b18775af1b8c1c66b6.jpg,PlatyFish,0.9360067844390869
batch_google_40_molly_40_jpg.rf.18ac026073529816c2961ddf83b2414a.jpg,AngelFish,0.6212809085845947
batch_google_40_molly_40_jpg.rf.18ac026073529816c2961ddf83b2414a.jpg,Gourami,0.27139121294021606
batch_ytvideo_165_molly_102_jpg.rf.e7465b9062bf6ee307ec32b86896d555.jpg,PlatyFish,0.8905376195907593
batch_ytvideo_165_molly_105_jpg.rf.e2f9eb335c46385979f5db2fe4ff3051.jpg,PlatyFish,0.9270543456077576
batch_ytvideo_165_molly_105_jpg.rf.e2f9eb335c46385979f5db2fe4ff3051.jpg,PlatyFish,0.7334761023521423
batch_ytvideo_165_molly_110_jpg.rf.0c5203463f79a25d44fec68622aa79fc.jpg,PlatyFish,0.950817346572876
batch_ytvideo_165_molly_122_jpg.rf.6683c9ecb6e7223e069a0f6317c9b535.jpg,PlatyFish,0.8319293856620789
batch_ytvideo_165_molly_122_jpg.rf.6683c9ecb6e7223e069a0f6317c9b535.jpg,PlatyFish,0.44647300243377686
batch_ytvideo_165_molly_125_jpg.rf.24227ba51c260a915250f7e6949146f8.jpg,PlatyFish,0.9173266291618347
batch_ytvideo_165_molly_129_jpg.rf.95e752e83eef4ba78f93d1afe8406cc1.jpg,PlatyFish,0.9180485606193542
batch_ytvideo_165_molly_129_jpg.rf.95e752e83eef4ba78f93d1afe8406cc1.jpg,PlatyFish,0.8977686166763306
batch_ytvideo_165_molly_12_jpg.rf.c125491e0ac7f3bc8e8716fd7abd1847.jpg,PlatyFish,0.9049534201622009
batch_ytvideo_165_molly_12_jpg.rf.c125491e0ac7f3bc8e8716fd7abd1847.jpg,PlatyFish,0.8876591324806213
batch_ytvideo_165_molly_12_jpg.rf.c125491e0ac7f3bc8e8716fd7abd1847.jpg,PlatyFish,0.8787210583686829
batch_ytvideo_165_molly_12_jpg.rf.c125491e0ac7f3bc8e8716fd7abd1847.jpg,PlatyFish,0.843319833278656
batch_ytvideo_165_molly_12_jpg.rf.c125491e0ac7f3bc8e8716fd7abd1847.jpg,PlatyFish,0.45908844470977783
batch_ytvideo_165_molly_135_jpg.rf.d2467bb98540fb46cde028c45faaec60.jpg,PlatyFish,0.853151798248291
batch_ytvideo_165_molly_143_jpg.rf.d22dec2b595547a2e36a9bac691c959f.jpg,PlatyFish,0.9008711576461792
batch_ytvideo_165_molly_143_jpg.rf.d22dec2b595547a2e36a9bac691c959f.jpg,PlatyFish,0.8750491738319397
batch_ytvideo_165_molly_154_jpg.rf.ee3e7c75a9d7536d54956eed4f3fe670.jpg,PlatyFish,0.874957263469696
batch_ytvideo_165_molly_154_jpg.rf.ee3e7c75a9d7536d54956eed4f3fe670.jpg,PlatyFish,0.7288467288017273
batch_ytvideo_165_molly_162_jpg.rf.a2b8115a99e3ddeb826c14d3c1a113eb.jpg,PlatyFish,0.9117441773414612
batch_ytvideo_165_molly_162_jpg.rf.a2b8115a99e3ddeb826c14d3c1a113eb.jpg,PlatyFish,0.8748680949211121
batch_ytvideo_165_molly_162_jpg.rf.a2b8115a99e3ddeb826c14d3c1a113eb.jpg,PlatyFish,0.7998726963996887
batch_ytvideo_165_molly_163_jpg.rf.46e615a31d8c20cc81be9caa1de222c2.jpg,PlatyFish,0.897067666053772
batch_ytvideo_165_molly_163_jpg.rf.46e615a31d8c20cc81be9caa1de222c2.jpg,PlatyFish,0.8755238652229309
batch_ytvideo_165_molly_163_jpg.rf.46e615a31d8c20cc81be9caa1de222c2.jpg,PlatyFish,0.6746028065681458
batch_ytvideo_165_molly_165_jpg.rf.1829e0302d45eda9041cdf809c70d700.jpg,PlatyFish,0.9141427278518677
batch_ytvideo_165_molly_165_jpg.rf.1829e0302d45eda9041cdf809c70d700.jpg,PlatyFish,0.9046432971954346
batch_ytvideo_165_molly_165_jpg.rf.1829e0302d45eda9041cdf809c70d700.jpg,PlatyFish,0.8744058609008789
batch_ytvideo_165_molly_165_jpg.rf.1829e0302d45eda9041cdf809c70d700.jpg,PlatyFish,0.7549133896827698
batch_ytvideo_165_molly_165_jpg.rf.1829e0302d45eda9041cdf809c70d700.jpg,PlatyFish,0.5443898439407349
batch_ytvideo_165_molly_165_jpg.rf.1829e0302d45eda9041cdf809c70d700.jpg,PlatyFish,0.5115554928779602
batch_ytvideo_165_molly_165_jpg.rf.1829e0302d45eda9041cdf809c70d700.jpg,PlatyFish,0.44062674045562744
batch_ytvideo_165_molly_28_jpg.rf.d9cbc6863649f9f7e8b248ea1eda7a75.jpg,PlatyFish,0.8261227607727051
batch_ytvideo_165_molly_28_jpg.rf.d9cbc6863649f9f7e8b248ea1eda7a75.jpg,PlatyFish,0.8152929544448853
batch_ytvideo_165_molly_28_jpg.rf.d9cbc6863649f9f7e8b248ea1eda7a75.jpg,PlatyFish,0.776063084602356
batch_ytvideo_165_molly_28_jpg.rf.d9cbc6863649f9f7e8b248ea1eda7a75.jpg,PlatyFish,0.6726612448692322
batch_ytvideo_165_molly_28_jpg.rf.d9cbc6863649f9f7e8b248ea1eda7a75.jpg,PlatyFish,0.4574207365512848
batch_ytvideo_165_molly_2_jpg.rf.5ba521758328949a2aef53bd574b36c8.jpg,PlatyFish,0.9326156973838806
batch_ytvideo_165_molly_39_jpg.rf.c3c1429bbe60ede7713bf676b0b498d0.jpg,PlatyFish,0.9134529232978821
batch_ytvideo_165_molly_39_jpg.rf.c3c1429bbe60ede7713bf676b0b498d0.jpg,PlatyFish,0.8973002433776855
batch_ytvideo_165_molly_3_jpg.rf.97839133b30ceaa714a8790741864742.jpg,PlatyFish,0.9542329907417297
batch_ytvideo_165_molly_41_jpg.rf.d0844684e2cfc0a1d5634a83f045103e.jpg,PlatyFish,0.894787609577179
batch_ytvideo_165_molly_41_jpg.rf.d0844684e2cfc0a1d5634a83f045103e.jpg,PlatyFish,0.6971347332000732
batch_ytvideo_165_molly_42_jpg.rf.dd22cc26a18f64d006e92a0d3f823b33.jpg,PlatyFish,0.8629438281059265
batch_ytvideo_165_molly_45_jpg.rf.49b77ff96689981928a584e527914506.jpg,PlatyFish,0.9124115705490112
batch_ytvideo_165_molly_48_jpg.rf.314e044b1acd3e45bdfcb65c39893879.jpg,PlatyFish,0.9348027110099792
batch_ytvideo_165_molly_51_jpg.rf.106da30ad5082baaa34dbe12ad2a199b.jpg,PlatyFish,0.9211389422416687
batch_ytvideo_165_molly_57_jpg.rf.a03d8f8110ae48bc9f7b73d80903b298.jpg,PlatyFish,0.8798120021820068
batch_ytvideo_165_molly_57_jpg.rf.a03d8f8110ae48bc9f7b73d80903b298.jpg,PlatyFish,0.7847869992256165
batch_ytvideo_165_molly_57_jpg.rf.a03d8f8110ae48bc9f7b73d80903b298.jpg,PlatyFish,0.7452706098556519
batch_ytvideo_165_molly_57_jpg.rf.a03d8f8110ae48bc9f7b73d80903b298.jpg,PlatyFish,0.7426501512527466
batch_ytvideo_165_molly_57_jpg.rf.a03d8f8110ae48bc9f7b73d80903b298.jpg,PlatyFish,0.740190327167511
batch_ytvideo_165_molly_57_jpg.rf.a03d8f8110ae48bc9f7b73d80903b298.jpg,PlatyFish,0.6915091872215271
batch_ytvideo_165_molly_57_jpg.rf.a03d8f8110ae48bc9f7b73d80903b298.jpg,PlatyFish,0.4634530246257782
batch_ytvideo_165_molly_57_jpg.rf.a03d8f8110ae48bc9f7b73d80903b298.jpg,PlatyFish,0.30997222661972046
batch_ytvideo_165_molly_57_jpg.rf.a03d8f8110ae48bc9f7b73d80903b298.jpg,PlatyFish,0.2725445032119751
batch_ytvideo_165_molly_58_jpg.rf.0918ae7a7ca58aa992a244b43ae34000.jpg,PlatyFish,0.8738024830818176
batch_ytvideo_165_molly_58_jpg.rf.0918ae7a7ca58aa992a244b43ae34000.jpg,PlatyFish,0.8512277007102966
batch_ytvideo_165_molly_58_jpg.rf.0918ae7a7ca58aa992a244b43ae34000.jpg,PlatyFish,0.72923344373703
batch_ytvideo_165_molly_58_jpg.rf.0918ae7a7ca58aa992a244b43ae34000.jpg,PlatyFish,0.7198410034179688
batch_ytvideo_165_molly_58_jpg.rf.0918ae7a7ca58aa992a244b43ae34000.jpg,PlatyFish,0.7008524537086487
batch_ytvideo_165_molly_58_jpg.rf.0918ae7a7ca58aa992a244b43ae34000.jpg,PlatyFish,0.6039740443229675
batch_ytvideo_165_molly_58_jpg.rf.0918ae7a7ca58aa992a244b43ae34000.jpg,PlatyFish,0.4337802529335022
batch_ytvideo_165_molly_58_jpg.rf.0918ae7a7ca58aa992a244b43ae34000.jpg,PlatyFish,0.42709192633628845
batch_ytvideo_165_molly_58_jpg.rf.0918ae7a7ca58aa992a244b43ae34000.jpg,PlatyFish,0.4113542437553406
batch_ytvideo_165_molly_58_jpg.rf.0918ae7a7ca58aa992a244b43ae34000.jpg,PlatyFish,0.2892703115940094
batch_ytvideo_165_molly_58_jpg.rf.0918ae7a7ca58aa992a244b43ae34000.jpg,PlatyFish,0.2838202714920044
batch_ytvideo_165_molly_58_jpg.rf.0918ae7a7ca58aa992a244b43ae34000.jpg,PlatyFish,0.2530987560749054
batch_ytvideo_165_molly_69_jpg.rf.eeef6396de5e3393de627e10cb359066.jpg,PlatyFish,0.9096658229827881
batch_ytvideo_165_molly_69_jpg.rf.eeef6396de5e3393de627e10cb359066.jpg,PlatyFish,0.8753320574760437
batch_ytvideo_165_molly_69_jpg.rf.eeef6396de5e3393de627e10cb359066.jpg,PlatyFish,0.850039005279541
batch_ytvideo_165_molly_69_jpg.rf.eeef6396de5e3393de627e10cb359066.jpg,PlatyFish,0.8100119233131409
batch_ytvideo_165_molly_69_jpg.rf.eeef6396de5e3393de627e10cb359066.jpg,PlatyFish,0.7419540286064148
batch_ytvideo_165_molly_69_jpg.rf.eeef6396de5e3393de627e10cb359066.jpg,PlatyFish,0.6298261880874634
batch_ytvideo_165_molly_69_jpg.rf.eeef6396de5e3393de627e10cb359066.jpg,PlatyFish,0.5132441520690918
batch_ytvideo_165_molly_69_jpg.rf.eeef6396de5e3393de627e10cb359066.jpg,PlatyFish,0.5019323825836182
batch_ytvideo_165_molly_69_jpg.rf.eeef6396de5e3393de627e10cb359066.jpg,PlatyFish,0.405792236328125
batch_ytvideo_165_molly_69_jpg.rf.eeef6396de5e3393de627e10cb359066.jpg,PlatyFish,0.37778612971305847
batch_ytvideo_165_molly_69_jpg.rf.eeef6396de5e3393de627e10cb359066.jpg,PlatyFish,0.3200078010559082
batch_ytvideo_165_molly_69_jpg.rf.eeef6396de5e3393de627e10cb359066.jpg,PlatyFish,0.31378406286239624
batch_ytvideo_165_molly_69_jpg.rf.eeef6396de5e3393de627e10cb359066.jpg,PlatyFish,0.28294920921325684
batch_ytvideo_165_molly_89_jpg.rf.3600016506417b2c09fbb7eef654b9cc.jpg,PlatyFish,0.8768251538276672
batch_ytvideo_165_molly_95_jpg.rf.e5025bcb8a21adc5b21feb651f30b9b7.jpg,PlatyFish,0.9605244994163513
batch_ytvideo_91_goldfish_10_jpg.rf.b27e59cbfb4247faf49913a29447ddfc.jpg,GoldFish,0.9214909672737122
batch_ytvideo_91_goldfish_10_jpg.rf.b27e59cbfb4247faf49913a29447ddfc.jpg,GoldFish,0.8842799067497253
batch_ytvideo_91_goldfish_10_jpg.rf.b27e59cbfb4247faf49913a29447ddfc.jpg,GoldFish,0.8392909169197083
batch_ytvideo_91_goldfish_13_jpg.rf.b245fe7b24243f3b97c0e505e80adb61.jpg,GoldFish,0.8897133469581604
batch_ytvideo_91_goldfish_13_jpg.rf.b245fe7b24243f3b97c0e505e80adb61.jpg,GoldFish,0.8839045763015747
batch_ytvideo_91_goldfish_13_jpg.rf.b245fe7b24243f3b97c0e505e80adb61.jpg,GoldFish,0.8706091046333313
batch_ytvideo_91_goldfish_13_jpg.rf.b245fe7b24243f3b97c0e505e80adb61.jpg,GoldFish,0.8323761820793152
batch_ytvideo_91_goldfish_31_jpg.rf.929594c551f5597c3dfb896ea17b0f45.jpg,GoldFish,0.9008080363273621
batch_ytvideo_91_goldfish_31_jpg.rf.929594c551f5597c3dfb896ea17b0f45.jpg,GoldFish,0.8794068098068237
batch_ytvideo_91_goldfish_31_jpg.rf.929594c551f5597c3dfb896ea17b0f45.jpg,GoldFish,0.8756387829780579
batch_ytvideo_91_goldfish_31_jpg.rf.929594c551f5597c3dfb896ea17b0f45.jpg,GoldFish,0.7902562022209167
batch_ytvideo_91_goldfish_31_jpg.rf.929594c551f5597c3dfb896ea17b0f45.jpg,GoldFish,0.7591323256492615
batch_ytvideo_91_goldfish_43_jpg.rf.5a8e0e251522f7ae4f9c68adcab22fdf.jpg,GoldFish,0.8964332342147827
batch_ytvideo_91_goldfish_43_jpg.rf.5a8e0e251522f7ae4f9c68adcab22fdf.jpg,GoldFish,0.8907073736190796
batch_ytvideo_91_goldfish_43_jpg.rf.5a8e0e251522f7ae4f9c68adcab22fdf.jpg,GoldFish,0.8852158188819885
batch_ytvideo_91_goldfish_43_jpg.rf.5a8e0e251522f7ae4f9c68adcab22fdf.jpg,GoldFish,0.6800923943519592
batch_ytvideo_91_goldfish_43_jpg.rf.5a8e0e251522f7ae4f9c68adcab22fdf.jpg,PlatyFish,0.6473450660705566
batch_ytvideo_91_goldfish_50_jpg.rf.e38cd090fc3cc1cff74fe30bee316d14.jpg,GoldFish,0.8691429495811462
batch_ytvideo_91_goldfish_50_jpg.rf.e38cd090fc3cc1cff74fe30bee316d14.jpg,GoldFish,0.8339219093322754
batch_ytvideo_91_goldfish_50_jpg.rf.e38cd090fc3cc1cff74fe30bee316d14.jpg,GoldFish,0.8267971873283386
batch_ytvideo_91_goldfish_50_jpg.rf.e38cd090fc3cc1cff74fe30bee316d14.jpg,GoldFish,0.8095687627792358
batch_ytvideo_91_goldfish_50_jpg.rf.e38cd090fc3cc1cff74fe30bee316d14.jpg,GoldFish,0.7641466856002808
batch_ytvideo_91_goldfish_50_jpg.rf.e38cd090fc3cc1cff74fe30bee316d14.jpg,GoldFish,0.6827306747436523
batch_ytvideo_91_goldfish_50_jpg.rf.e38cd090fc3cc1cff74fe30bee316d14.jpg,GoldFish,0.335964560508728
batch_ytvideo_91_goldfish_61_jpg.rf.73f014346b2200ffd5fe637f07ef56b9.jpg,GoldFish,0.8276159763336182
batch_ytvideo_91_goldfish_61_jpg.rf.73f014346b2200ffd5fe637f07ef56b9.jpg,GoldFish,0.7846344113349915
batch_ytvideo_91_goldfish_61_jpg.rf.73f014346b2200ffd5fe637f07ef56b9.jpg,GoldFish,0.6529628038406372
batch_ytvideo_91_goldfish_72_jpg.rf.9676be483bb3efe81ae0835806bd50d7.jpg,GoldFish,0.8810456991195679
batch_ytvideo_91_goldfish_72_jpg.rf.9676be483bb3efe81ae0835806bd50d7.jpg,GoldFish,0.8533535599708557
batch_ytvideo_91_goldfish_72_jpg.rf.9676be483bb3efe81ae0835806bd50d7.jpg,GoldFish,0.8072081208229065
batch_ytvideo_91_goldfish_72_jpg.rf.9676be483bb3efe81ae0835806bd50d7.jpg,GoldFish,0.546470046043396
batch_ytvideo_91_goldfish_74_jpg.rf.7583429181c653d640520c4a25eb4124.jpg,GoldFish,0.8291057348251343
batch_ytvideo_91_goldfish_78_jpg.rf.85d72f16d9afdc2f74f266961af07097.jpg,GoldFish,0.9081377983093262
batch_ytvideo_91_goldfish_78_jpg.rf.85d72f16d9afdc2f74f266961af07097.jpg,GoldFish,0.4992889165878296
batch_ytvideo_91_goldfish_7_jpg.rf.e2c00ea00f7c296e8bded13b28d38827.jpg,GoldFish,0.9062002897262573
batch_ytvideo_91_goldfish_7_jpg.rf.e2c00ea00f7c296e8bded13b28d38827.jpg,GoldFish,0.879993200302124
batch_ytvideo_91_goldfish_7_jpg.rf.e2c00ea00f7c296e8bded13b28d38827.jpg,GoldFish,0.849987804889679
batch_ytvideo_91_goldfish_80_jpg.rf.3370b308bf8715eb48819dae5d0f4f1b.jpg,GoldFish,0.8655120730400085
batch_ytvideo_91_goldfish_82_jpg.rf.a030311179e3b7f95963bb4430899d36.jpg,GoldFish,0.8401315808296204
batch_ytvideo_91_goldfish_82_jpg.rf.a030311179e3b7f95963bb4430899d36.jpg,GoldFish,0.5689300894737244
batch_ytvideo_91_goldfish_82_jpg.rf.a030311179e3b7f95963bb4430899d36.jpg,GoldFish,0.44388875365257263
batch_ytvideo_91_goldfish_82_jpg.rf.a030311179e3b7f95963bb4430899d36.jpg,GoldFish,0.2501525580883026
batch_ytvideo_91_goldfish_88_jpg.rf.2d4c54d19c3f81621c1c7c77b97db0f4.jpg,GoldFish,0.8940678834915161
batch_ytvideo_91_goldfish_88_jpg.rf.2d4c54d19c3f81621c1c7c77b97db0f4.jpg,GoldFish,0.8665002584457397
batch_ytvideo_91_goldfish_88_jpg.rf.2d4c54d19c3f81621c1c7c77b97db0f4.jpg,GoldFish,0.8613734245300293
batch_ytvideo_91_goldfish_88_jpg.rf.2d4c54d19c3f81621c1c7c77b97db0f4.jpg,GoldFish,0.8496032953262329
batch_ytvideo_91_goldfish_88_jpg.rf.2d4c54d19c3f81621c1c7c77b97db0f4.jpg,GoldFish,0.795312762260437
batch_ytvideo_91_goldfish_88_jpg.rf.2d4c54d19c3f81621c1c7c77b97db0f4.jpg,GoldFish,0.49386703968048096
batch_ytvideo_91_goldfish_88_jpg.rf.2d4c54d19c3f81621c1c7c77b97db0f4.jpg,GoldFish,0.29372891783714294
batch_ytvideo_91_goldfish_9_jpg.rf.6044aca1285e18e9b06ffa4afb421ea7.jpg,GoldFish,0.8825055360794067
batch_ytvideo_91_goldfish_9_jpg.rf.6044aca1285e18e9b06ffa4afb421ea7.jpg,GoldFish,0.8821597695350647
batch_ytvideo_91_goldfish_9_jpg.rf.6044aca1285e18e9b06ffa4afb421ea7.jpg,GoldFish,0.866381049156189
batch_ytvideo_91_goldfish_9_jpg.rf.6044aca1285e18e9b06ffa4afb421ea7.jpg,GoldFish,0.8597943186759949
bmbdr0_jpeg.rf.1b7f2d14f30ee91b5dc2ec48ddd8196b.jpg,ThreeStripedDamselfish,0.8956223726272583
gbif-12-_png_jpg.rf.95b3623f2017e50777a992a7374f7bd1.jpg,Gourami,0.9345776438713074
gbif-13-_png_jpg.rf.cbc4bc4b8e15271d4b423e4380141718.jpg,Gourami,0.9367126226425171
gbif-4-_png_jpg.rf.a52c9880a319c0a092259d19ff66ecde.jpg,Gourami,0.9321972131729126
https_3A_2F_2Fimages-ala-org-3-_jpeg.rf.ee6b497d85296631a18fdd37001a7562.jpg,ThreeStripedDamselfish,0.774499773979187
https_3A_2F_2Fstatic-inaturalist-org_2Fphotos_2F11967666_2Foriginal-1-_jpg.rf.89148670769fe0feda0cddaa64d3b186.jpg,ThreeStripedDamselfish,0.9245617389678955
https_3A_2F_2Fstatic-inaturalist-org_2Fphotos_2F11967666_2Foriginal-1-_jpg.rf.89148670769fe0feda0cddaa64d3b186.jpg,YellowTang,0.7598345279693604
humbug-damsel2_jpeg.rf.7eb8ed61c739d5b6daab4a0ae8883264.jpg,ThreeStripedDamselfish,0.853110134601593
iStock_91240281_SMALL_jpg.rf.0ffce9d63425690f897b1d62c29d6bff.jpg,YellowTang,0.9139595031738281
iStock_91240281_SMALL_jpg.rf.0ffce9d63425690f897b1d62c29d6bff.jpg,BlueTang,0.9136203527450562
iStock_91240281_SMALL_jpg.rf.0ffce9d63425690f897b1d62c29d6bff.jpg,BlueTang,0.8784520030021667
iStock_91240281_SMALL_jpg.rf.0ffce9d63425690f897b1d62c29d6bff.jpg,BlueTang,0.8714635372161865
iStock_91240281_SMALL_jpg.rf.0ffce9d63425690f897b1d62c29d6bff.jpg,BlueTang,0.8323241472244263
iStock_91240281_SMALL_jpg.rf.0ffce9d63425690f897b1d62c29d6bff.jpg,ClownFish,0.40883132815361023
iStock_91240281_SMALL_jpg.rf.4e7ce2b89ae7b466e0266871db7070af.jpg,YellowTang,0.8013006448745728
iStock_91240281_SMALL_jpg.rf.4e7ce2b89ae7b466e0266871db7070af.jpg,ClownFish,0.49497121572494507
iStock_91240281_SMALL_jpg.rf.4e7ce2b89ae7b466e0266871db7070af.jpg,BlueTang,0.3261149525642395
images-2023-05-20T172326-685_jpeg_jpg.rf.01210f36e66107e325c46ab10e30a62c.jpg,BlueTang,0.9183430075645447
images-2023-05-20T172329-371_jpeg_jpg.rf.fcac172da9495bb8b8d6ffa0f7cc7038.jpg,BlueTang,0.9222512245178223
images-2023-05-20T172329-371_jpeg_jpg.rf.fcac172da9495bb8b8d6ffa0f7cc7038.jpg,BlueTang,0.8782308101654053
images-2023-05-20T172329-371_jpeg_jpg.rf.fcac172da9495bb8b8d6ffa0f7cc7038.jpg,BlueTang,0.8574549555778503
images-2023-05-20T172329-371_jpeg_jpg.rf.fcac172da9495bb8b8d6ffa0f7cc7038.jpg,BlueTang,0.48524343967437744
images-2023-05-20T172329-643_jpeg_jpg.rf.c92626d516bce08a36498ac38870ab00.jpg,BlueTang,0.9527587294578552
images-2023-05-20T172329-643_jpeg_jpg.rf.c92626d516bce08a36498ac38870ab00.jpg,BlueTang,0.8199316263198853
images-2023-05-20T172329-643_jpeg_jpg.rf.c92626d516bce08a36498ac38870ab00.jpg,BlueTang,0.5496143102645874
images-2023-05-20T172329-643_jpeg_jpg.rf.c92626d516bce08a36498ac38870ab00.jpg,BlueTang,0.2929031252861023
images-2023-05-20T172329-643_jpeg_jpg.rf.c92626d516bce08a36498ac38870ab00.jpg,BlueTang,0.26210716366767883
images-2023-05-20T172329-781_jpeg_jpg.rf.e0e8b97a2ac092947c1988ff0308ede2.jpg,BlueTang,0.8824502229690552
images-2023-05-20T172329-822_jpeg_jpg.rf.e0e52acce6a13abd1d61c0c675a2ded7.jpg,BlueTang,0.9298343062400818
images-2023-05-20T172329-822_jpeg_jpg.rf.e0e52acce6a13abd1d61c0c675a2ded7.jpg,BlueTang,0.9263899326324463
images-2023-05-20T172329-822_jpeg_jpg.rf.e0e52acce6a13abd1d61c0c675a2ded7.jpg,BlueTang,0.9196069836616516
images-2023-05-20T172330-144_jpeg_jpg.rf.55841158dc88524544d48fe1b6c7fe9f.jpg,BlueTang,0.8088493347167969
images-2023-05-20T172330-931_jpeg_jpg.rf.503cd1f896c871a83e595b9da585c526.jpg,ClownFish,0.903992772102356
images-2023-05-20T172330-931_jpeg_jpg.rf.503cd1f896c871a83e595b9da585c526.jpg,ClownFish,0.8469526767730713
images-2023-05-20T172330-931_jpeg_jpg.rf.503cd1f896c871a83e595b9da585c526.jpg,BlueTang,0.7818433046340942
images-2023-05-20T172330-976_jpeg_jpg.rf.419792efa8c69cb1b7cef6865aa94210.jpg,BlueTang,0.9425226449966431
images-2023-05-20T172330-976_jpeg_jpg.rf.419792efa8c69cb1b7cef6865aa94210.jpg,BlueTang,0.9239019155502319
images-2023-05-20T172330-976_jpeg_jpg.rf.419792efa8c69cb1b7cef6865aa94210.jpg,BlueTang,0.7548636198043823
images-2023-05-20T172331-366_jpeg_jpg.rf.d69e16674449160b68babd3325059c8b.jpg,BlueTang,0.9361041188240051
images-2023-05-20T172331-366_jpeg_jpg.rf.d69e16674449160b68babd3325059c8b.jpg,BlueTang,0.8869557976722717
images-2023-05-20T172331-366_jpeg_jpg.rf.d69e16674449160b68babd3325059c8b.jpg,BlueTang,0.876447856426239
images-2023-05-20T172331-366_jpeg_jpg.rf.d69e16674449160b68babd3325059c8b.jpg,BlueTang,0.8541579842567444
images-2023-05-20T172331-943_jpeg_jpg.rf.a819debbc65722c1e1e749263a02f1b7.jpg,BlueTang,0.9037345051765442
images-2023-05-20T172331-943_jpeg_jpg.rf.a819debbc65722c1e1e749263a02f1b7.jpg,BlueTang,0.8539336919784546
images-2023-05-20T172331-943_jpeg_jpg.rf.a819debbc65722c1e1e749263a02f1b7.jpg,BlueTang,0.8282950520515442
images-2023-05-20T172331-943_jpeg_jpg.rf.a819debbc65722c1e1e749263a02f1b7.jpg,BlueTang,0.7856184244155884
images-2023-05-20T172331-978_jpeg_jpg.rf.85aa7d2b4eaa4f844e098500f6ed1e5b.jpg,BlueTang,0.9457132816314697
images-2023-05-20T172331-978_jpeg_jpg.rf.85aa7d2b4eaa4f844e098500f6ed1e5b.jpg,BlueTang,0.9250330924987793
images-2023-05-20T172331-978_jpeg_jpg.rf.85aa7d2b4eaa4f844e098500f6ed1e5b.jpg,BlueTang,0.9172274470329285
images-2023-05-20T172331-978_jpeg_jpg.rf.85aa7d2b4eaa4f844e098500f6ed1e5b.jpg,BlueTang,0.45119982957839966
images-2023-05-20T172331-978_jpeg_jpg.rf.85aa7d2b4eaa4f844e098500f6ed1e5b.jpg,BlueTang,0.44506725668907166
images-2023-05-20T172332-919_jpeg_jpg.rf.7577c9f9375756ef875e37f2daa3d40c.jpg,BlueTang,0.9222434163093567
images-2023-05-20T172333-307_jpeg_jpg.rf.79872daae726ded16165b092cb1164c8.jpg,BlueTang,0.9316144585609436
images-2023-05-20T172333-380_jpeg_jpg.rf.2848b4346b7c7c81f85f2886fe87b121.jpg,BlueTang,0.6004210710525513
images-2023-05-20T172333-380_jpeg_jpg.rf.2848b4346b7c7c81f85f2886fe87b121.jpg,ClownFish,0.5227852463722229
images-2023-05-20T172333-742_jpeg_jpg.rf.261f992ce99d29bf4759224e1b92f089.jpg,BlueTang,0.935011088848114
images-2023-05-20T172334-232_jpeg_jpg.rf.23d76042b5eff8f14b4f517bb1a1aac5.jpg,BlueTang,0.8948943614959717
images-2023-05-20T172334-598_jpeg_jpg.rf.42bcb2cfe31ab4da31a8c064f7f03dee.jpg,BlueTang,0.9606580138206482
images-2023-05-20T172334-598_jpeg_jpg.rf.42bcb2cfe31ab4da31a8c064f7f03dee.jpg,BlueTang,0.9339821934700012
images-2023-05-20T172334-598_jpeg_jpg.rf.42bcb2cfe31ab4da31a8c064f7f03dee.jpg,BlueTang,0.9187839031219482
images-2023-05-20T172334-598_jpeg_jpg.rf.42bcb2cfe31ab4da31a8c064f7f03dee.jpg,BlueTang,0.490095853805542
images-2023-05-20T172334-598_jpeg_jpg.rf.42bcb2cfe31ab4da31a8c064f7f03dee.jpg,BlueTang,0.4862141013145447
images-2023-05-20T172334-696_jpeg_jpg.rf.7c3f7e7f82f8d6adc36a30e1994e290a.jpg,BlueTang,0.9011269807815552
images-2023-05-20T172335-381_jpeg_jpg.rf.c329facd875084401bdfaaa7edaada04.jpg,BlueTang,0.9281299114227295
images-2023-05-20T172335-381_jpeg_jpg.rf.c329facd875084401bdfaaa7edaada04.jpg,BlueTang,0.8248706459999084
images-2023-05-20T172335-381_jpeg_jpg.rf.c329facd875084401bdfaaa7edaada04.jpg,BlueTang,0.702991247177124
images-2023-05-20T172335-381_jpeg_jpg.rf.dd7d3b12117c2c2d7f8316540d5da9cb.jpg,BlueTang,0.3232830762863159
images-2023-05-20T172335-381_jpeg_jpg.rf.dd7d3b12117c2c2d7f8316540d5da9cb.jpg,MorishIdol,0.2763817310333252
images-2023-05-20T172335-745_jpeg_jpg.rf.7dbe37b798de7f91c8d8d8c943171a0e.jpg,BlueTang,0.8955942988395691
images-2023-05-20T172335-745_jpeg_jpg.rf.efb95373c4f720281bc55bf6ab134d6a.jpg,BlueTang,0.9718934893608093
images-2023-05-20T172335-745_jpeg_jpg.rf.efb95373c4f720281bc55bf6ab134d6a.jpg,BlueTang,0.9607507586479187
images-2023-05-20T172335-745_jpeg_jpg.rf.efb95373c4f720281bc55bf6ab134d6a.jpg,BlueTang,0.9588601589202881
images-2023-05-20T172335-745_jpeg_jpg.rf.efb95373c4f720281bc55bf6ab134d6a.jpg,BlueTang,0.7744138240814209
images-2023-05-20T172336-397_jpeg_jpg.rf.b0ea5cf6d520a028e47ed60b4813c2ed.jpg,BlueTang,0.8919785022735596
images-2023-05-20T172337-630_jpeg_jpg.rf.f2a5729165b54841a5b39736ca48af2d.jpg,YellowTang,0.850928008556366
images-2023-05-20T172337-840_jpeg_jpg.rf.32d2558c03ea4cd22edac89104649cf4.jpg,BlueTang,0.8654086589813232
images-2023-05-20T172337-840_jpeg_jpg.rf.32d2558c03ea4cd22edac89104649cf4.jpg,ClownFish,0.6223501563072205
images-2023-05-20T172337-840_jpeg_jpg.rf.32d2558c03ea4cd22edac89104649cf4.jpg,ZebraFish,0.5399496555328369
images-2023-05-20T172337-840_jpeg_jpg.rf.32d2558c03ea4cd22edac89104649cf4.jpg,GoldFish,0.3361383378505707
images-2023-05-20T172337-840_jpeg_jpg.rf.32d2558c03ea4cd22edac89104649cf4.jpg,Gourami,0.3270052671432495
images-2023-05-20T172338-367_jpeg_jpg.rf.a3a5d3037df3f47975b8e669e201d30a.jpg,BlueTang,0.9621837139129639
images-2023-05-20T172338-367_jpeg_jpg.rf.a3a5d3037df3f47975b8e669e201d30a.jpg,BlueTang,0.8298284411430359
images-2023-05-20T172338-367_jpeg_jpg.rf.a3a5d3037df3f47975b8e669e201d30a.jpg,BlueTang,0.7454726099967957
images-2023-05-20T172338-367_jpeg_jpg.rf.a3a5d3037df3f47975b8e669e201d30a.jpg,BlueTang,0.47616735100746155
images-2023-05-20T172338-839_jpeg_jpg.rf.18a688ebf6893495a40d34fc22d70a55.jpg,BlueTang,0.9403862357139587
images-2023-05-20T172338-839_jpeg_jpg.rf.18a688ebf6893495a40d34fc22d70a55.jpg,BlueTang,0.8084834218025208
images-2023-05-20T172338-839_jpeg_jpg.rf.18a688ebf6893495a40d34fc22d70a55.jpg,ZebraFish,0.6596178412437439
images-2023-05-20T172338-982_jpeg_jpg.rf.a633001d0212ce013878a6a4ea209f21.jpg,BlueTang,0.93381667137146
images-2023-05-20T172338-982_jpeg_jpg.rf.a633001d0212ce013878a6a4ea209f21.jpg,BlueTang,0.8496233224868774
images-2023-05-20T172338-982_jpeg_jpg.rf.a633001d0212ce013878a6a4ea209f21.jpg,YellowTang,0.8030929565429688
images-2023-05-20T172339-026_jpeg_jpg.rf.7cfd43c018d560762d1b3c7db1fe9fe5.jpg,BlueTang,0.9362560510635376
images-2023-05-20T172339-428_jpeg_jpg.rf.faf592e1729bbd385a15b44866736672.jpg,YellowTang,0.9029459357261658
images-2023-05-20T172339-428_jpeg_jpg.rf.faf592e1729bbd385a15b44866736672.jpg,ClownFish,0.7446971535682678
images-2023-05-20T172339-428_jpeg_jpg.rf.faf592e1729bbd385a15b44866736672.jpg,BlueTang,0.7274535894393921
images-2023-05-20T172339-478_jpeg_jpg.rf.ad3ae3ba5ef1d309ae205a1c88736bac.jpg,BlueTang,0.9630522727966309
images-2023-05-20T172339-478_jpeg_jpg.rf.ad3ae3ba5ef1d309ae205a1c88736bac.jpg,BlueTang,0.9362244009971619
images-2023-05-20T172339-478_jpeg_jpg.rf.ad3ae3ba5ef1d309ae205a1c88736bac.jpg,BlueTang,0.9311912059783936
images-2023-05-20T172339-478_jpeg_jpg.rf.ad3ae3ba5ef1d309ae205a1c88736bac.jpg,BlueTang,0.9272469878196716
images-2023-05-20T172339-782_jpeg_jpg.rf.79375afff48a6c9fa4c8a068d266dffc.jpg,BlueTang,0.8123788237571716
images-2023-05-20T172339-782_jpeg_jpg.rf.93f8ff921e72d0012315753bb34ae227.jpg,BlueTang,0.9744175672531128
images-2023-05-20T172339-782_jpeg_jpg.rf.93f8ff921e72d0012315753bb34ae227.jpg,BlueTang,0.8863784670829773
images-2023-05-20T172339-782_jpeg_jpg.rf.93f8ff921e72d0012315753bb34ae227.jpg,BlueTang,0.8740235567092896
images-2023-05-20T172339-782_jpeg_jpg.rf.93f8ff921e72d0012315753bb34ae227.jpg,BlueTang,0.8643233180046082
images-2023-05-20T172340-041_jpeg_jpg.rf.89b85f9009c9776f0dc39a5a4224ab85.jpg,BlueTang,0.9624887108802795
images-2023-05-20T172340-041_jpeg_jpg.rf.89b85f9009c9776f0dc39a5a4224ab85.jpg,BlueTang,0.9459404945373535
images-2023-05-20T172340-041_jpeg_jpg.rf.89b85f9009c9776f0dc39a5a4224ab85.jpg,BlueTang,0.9416534900665283
images-2023-05-20T172340-041_jpeg_jpg.rf.89b85f9009c9776f0dc39a5a4224ab85.jpg,BlueTang,0.47795024514198303
images-2023-05-20T172340-368_jpeg_jpg.rf.351877a7ca6ae30c87fbdb2ebcd03354.jpg,BlueTang,0.9420654773712158
images-2023-05-20T172340-368_jpeg_jpg.rf.351877a7ca6ae30c87fbdb2ebcd03354.jpg,BlueTang,0.8669494390487671
images-2023-05-20T172340-368_jpeg_jpg.rf.351877a7ca6ae30c87fbdb2ebcd03354.jpg,BlueTang,0.8084699511528015
images-2023-05-20T172340-482_jpeg_jpg.rf.7bc3efab25ccb0147bbb8dd95196de2b.jpg,BlueTang,0.9622108340263367
images-2023-05-20T172340-482_jpeg_jpg.rf.7bc3efab25ccb0147bbb8dd95196de2b.jpg,BlueTang,0.9372172355651855
images-2023-05-20T172340-482_jpeg_jpg.rf.7bc3efab25ccb0147bbb8dd95196de2b.jpg,BlueTang,0.9334994554519653
images-2023-05-20T172340-482_jpeg_jpg.rf.7bc3efab25ccb0147bbb8dd95196de2b.jpg,BlueTang,0.808962345123291
images-2023-05-20T172340-745_jpeg_jpg.rf.0a88c116a680d395f35ed169300fec52.jpg,BlueTang,0.9113262891769409
images-2023-05-20T172341-621_jpeg_jpg.rf.2bdb13a558d9f32c21c9b9a1c6b77dd0.jpg,BlueTang,0.935154914855957
images-2023-05-20T172341-621_jpeg_jpg.rf.6040fae99d2c749617c98506d21633db.jpg,BlueTang,0.9079652428627014
images-2023-05-20T172341-621_jpeg_jpg.rf.6040fae99d2c749617c98506d21633db.jpg,BlueTang,0.853888213634491
images-2023-05-20T172341-621_jpeg_jpg.rf.6040fae99d2c749617c98506d21633db.jpg,BlueTang,0.7930992245674133
images-2023-05-20T172341-621_jpeg_jpg.rf.6040fae99d2c749617c98506d21633db.jpg,BlueTang,0.37394770979881287
images-2023-05-20T172342-607_jpeg_jpg.rf.d437d4bec798663e1e60291a5a286f84.jpg,BlueTang,0.8925057649612427
images-2023-05-20T172342-607_jpeg_jpg.rf.d437d4bec798663e1e60291a5a286f84.jpg,RibbonedSweetlips,0.5516397953033447
images-2023-05-20T172342-770_jpeg_jpg.rf.3863b3df9d992e148c34b26f2dea2f97.jpg,BlueTang,0.8652295470237732
images-2023-05-20T172343-444_jpeg_jpg.rf.40f6573e8a8ac1723f76500ef924f6b3.jpg,BlueTang,0.9542303085327148
images-2023-05-20T172343-444_jpeg_jpg.rf.40f6573e8a8ac1723f76500ef924f6b3.jpg,BlueTang,0.9127240777015686
images-2023-05-20T172343-444_jpeg_jpg.rf.40f6573e8a8ac1723f76500ef924f6b3.jpg,ClownFish,0.9032421112060547
images-2023-05-20T172343-444_jpeg_jpg.rf.40f6573e8a8ac1723f76500ef924f6b3.jpg,BlueTang,0.8096002340316772
images-2023-05-20T172343-444_jpeg_jpg.rf.40f6573e8a8ac1723f76500ef924f6b3.jpg,BlueTang,0.4569835662841797
images-2023-05-20T172343-444_jpeg_jpg.rf.40f6573e8a8ac1723f76500ef924f6b3.jpg,BlueTang,0.2580234408378601
images-2023-05-20T172343-444_jpeg_jpg.rf.9acaadfcfa4f5ce17b681553578f38bc.jpg,BlueTang,0.8590775728225708
images-2023-05-20T172344-489_jpeg_jpg.rf.16b62c1546a62194b4f1f4e6fa6015d7.jpg,BlueTang,0.886883020401001
images-23-_jpeg_jpg.rf.3fe817163d1a99b707e3be2c26adff0a.jpg,BlueTang,0.8587233424186707
images-24-_jpeg_jpg.rf.609ab807b419759b0ba7292be08bd78b.jpg,BlueTang,0.9230426549911499
images-50-_jpeg_jpg.rf.ee6cc345d2e0967abc57fb715cc6c5e3.jpg,BlueTang,0.9184321165084839
images-64-_jpeg_jpg.rf.7f0eaa5bdaaee8b3ae14f38751f8c8dc.jpg,YellowTang,0.9147854447364807
images-64-_jpeg_jpg.rf.7f0eaa5bdaaee8b3ae14f38751f8c8dc.jpg,BlueTang,0.9056246280670166
images-64-_jpeg_jpg.rf.7f0eaa5bdaaee8b3ae14f38751f8c8dc.jpg,BlueTang,0.8890441656112671
images-64-_jpeg_jpg.rf.7f0eaa5bdaaee8b3ae14f38751f8c8dc.jpg,BlueTang,0.8458654284477234
images-64-_jpeg_jpg.rf.7f0eaa5bdaaee8b3ae14f38751f8c8dc.jpg,ClownFish,0.7624607086181641
images-64-_jpeg_jpg.rf.7f0eaa5bdaaee8b3ae14f38751f8c8dc.jpg,BlueTang,0.29277920722961426
images-66-_jpeg_jpg.rf.65223af9ddd06b70695a5f4f8354396f.jpg,BlueTang,0.917693018913269
images-66-_jpeg_jpg.rf.65223af9ddd06b70695a5f4f8354396f.jpg,BlueTang,0.9081674218177795
images-66-_jpeg_jpg.rf.65223af9ddd06b70695a5f4f8354396f.jpg,BlueTang,0.8826429843902588
images-66-_jpeg_jpg.rf.65223af9ddd06b70695a5f4f8354396f.jpg,BlueTang,0.7698134779930115
images-74-_jpeg_jpg.rf.d4c0b2a5cd1ff6b36334a09a5facaaed.jpg,YellowTang,0.7353940606117249
images-74-_jpeg_jpg.rf.d4c0b2a5cd1ff6b36334a09a5facaaed.jpg,BlueTang,0.6897311806678772
images-79-_jpeg_jpg.rf.e596383fe5baa9a0ad00f306efaa6df6.jpg,BlueTang,0.8239789009094238
images-8-_jpeg_jpg.rf.d63f90086d55e0764d46111f982b224e.jpg,BlueTang,0.8958292603492737
images-81-_jpeg_jpg.rf.d822e3908892e8df5ac30984e9976a39.jpg,BlueTang,0.9278834462165833
images-81-_jpeg_jpg.rf.d822e3908892e8df5ac30984e9976a39.jpg,BlueTang,0.9163362979888916
images-81-_jpeg_jpg.rf.d822e3908892e8df5ac30984e9976a39.jpg,BlueTang,0.9077754616737366
images-87-_jpeg_jpg.rf.21a1e7805728a78c153091acaf7181ba.jpg,BlueTang,0.834622323513031
images-89-_jpeg_jpg.rf.b227f9dc7d287df340e20122ec00d3f3.jpg,BlueTang,0.9472391605377197
images-89-_jpeg_jpg.rf.b227f9dc7d287df340e20122ec00d3f3.jpg,BlueTang,0.9205799698829651
images-89-_jpeg_jpg.rf.b227f9dc7d287df340e20122ec00d3f3.jpg,BlueTang,0.9131425619125366
images-89-_jpeg_jpg.rf.b227f9dc7d287df340e20122ec00d3f3.jpg,BlueTang,0.9087006449699402
images-90-_jpeg_jpg.rf.79fe0e546c3f930293837115e4c9901e.jpg,BlueTang,0.8364209532737732
images-96-_jpeg_jpg.rf.6b2950d3094067e43492931edfac3dd6.jpg,BlueTang,0.9614699482917786
images-96-_jpeg_jpg.rf.6b2950d3094067e43492931edfac3dd6.jpg,BlueTang,0.954699695110321
images-96-_jpeg_jpg.rf.6b2950d3094067e43492931edfac3dd6.jpg,BlueTang,0.9257856011390686
images-96-_jpeg_jpg.rf.6b2950d3094067e43492931edfac3dd6.jpg,BlueTang,0.8982930183410645
images-99-_jpeg_jpg.rf.291bc0581a47f653aa80cb63b08eb45d.jpg,BlueTang,0.8960579037666321
istockphoto-953181086-612x612_jpeg.rf.cf89b35e5f62362099339c034b25d146.jpg,ThreeStripedDamselfish,0.9436566233634949
moorish_idol_115_jpg.rf.865b16f5d58bbda1b2c28a0f3fabefc5.jpg,MorishIdol,0.8991172313690186
moorish_idol_16_jpg.rf.1f2e66058c1cfeb848c2ffb0b10e10ba.jpg,MorishIdol,0.9305673837661743
moorish_idol_22_jpg.rf.04d80678e350fb62d793d33de69a8135.jpg,MorishIdol,0.9415727257728577
moorish_idol_40_jpg.rf.5d04fc8d009e09ed92c06fa67c2be7c1.jpg,MorishIdol,0.7239983081817627
moorish_idol_40_jpg.rf.5d04fc8d009e09ed92c06fa67c2be7c1.jpg,MorishIdol,0.45727065205574036
moorish_idol_63_jpg.rf.573623eca99519e6de356bd0734818a5.jpg,MorishIdol,0.8665434122085571
moorish_idol_68_jpg.rf.0ed3a05763824bddaa68b8973c48727f.jpg,MorishIdol,0.8434544205665588
moorish_idol_88_jpg.rf.2641e2267922955fccb94fb1c359a083.jpg,MorishIdol,0.930418848991394
moorish_idol_88_jpg.rf.2641e2267922955fccb94fb1c359a083.jpg,MorishIdol,0.8885123133659363
moorish_idol_88_jpg.rf.2641e2267922955fccb94fb1c359a083.jpg,MorishIdol,0.8773278594017029
moorish_idol_88_jpg.rf.2641e2267922955fccb94fb1c359a083.jpg,MorishIdol,0.8690799474716187
moorish_idol_88_jpg.rf.2641e2267922955fccb94fb1c359a083.jpg,MorishIdol,0.8201226592063904
moorish_idol_88_jpg.rf.2641e2267922955fccb94fb1c359a083.jpg,MorishIdol,0.812274158000946
moorish_idol_88_jpg.rf.2641e2267922955fccb94fb1c359a083.jpg,MorishIdol,0.8046148419380188
moorish_idol_88_jpg.rf.2641e2267922955fccb94fb1c359a083.jpg,MorishIdol,0.8011495471000671
moorish_idol_88_jpg.rf.2641e2267922955fccb94fb1c359a083.jpg,MorishIdol,0.4562786817550659
palette-surgeonfish-paracanthurus-hepatus-on-coral-reef-in-tulamben-F9A57J_jpg.rf.f8960f2d735db086fe4d2d416d7d0b6e.jpg,BlueTang,0.9516642093658447
palette-surgeonfish-paracanthurus-hepatus-on-coral-reef-in-tulamben-F9A57J_jpg.rf.f8960f2d735db086fe4d2d416d7d0b6e.jpg,BlueTang,0.9142972826957703
palette-surgeonfish-paracanthurus-hepatus-on-coral-reef-in-tulamben-F9A57J_jpg.rf.f8960f2d735db086fe4d2d416d7d0b6e.jpg,BlueTang,0.6646590232849121
palette-surgeonfish-paracanthurus-hepatus-on-coral-reef-in-tulamben-F9A57J_jpg.rf.f8960f2d735db086fe4d2d416d7d0b6e.jpg,BlueTang,0.5264183878898621
paracanthurus-hepatus-1-_jpg.rf.295da4761a0213cfba86da26ab78d295.jpg,BlueTang,0.9665129780769348
paracanthurus-hepatus-1-_jpg.rf.295da4761a0213cfba86da26ab78d295.jpg,BlueTang,0.7640362977981567
paracanthurus-hepatus-1-_jpg.rf.295da4761a0213cfba86da26ab78d295.jpg,BlueTang,0.743940532207489
paracanthurus-hepatus-1-_jpg.rf.295da4761a0213cfba86da26ab78d295.jpg,BlueTang,0.5256912708282471
paracanthurus-hepatus-1-_jpg.rf.56c83597a867bff54972cb8d97b5191d.jpg,BlueTang,0.8795003890991211
paracanthurus-hepatus-7eb18e0c834c401a86f9dd176afa1027_jpg.rf.003fb97d7b0098e25b0c193d7929fc16.jpg,BlueTang,0.9144210815429688
paracanthurus-hepatus-blue-tang-m_jpg.rf.908534cd656902552c49db999a077c30.jpg,BlueTang,0.9316051602363586
paracanthurus-hepatus-blue-tang-m_jpg.rf.b9e5366c98a272315d813990bd50d406.jpg,BlueTang,0.9427700638771057
paracanthurus-hepatus-blue-tang-m_jpg.rf.b9e5366c98a272315d813990bd50d406.jpg,BlueTang,0.9297811985015869
paracanthurus-hepatus-blue-tang-m_jpg.rf.b9e5366c98a272315d813990bd50d406.jpg,BlueTang,0.8333723545074463
paracanthurus-hepatus-blue-tang-m_jpg.rf.b9e5366c98a272315d813990bd50d406.jpg,BlueTang,0.832872748374939
paracanthurus-hepatus-in-aquarium-free-photo_jpg.rf.bf6c62d7ce409d8dfe290f5a78b77183.jpg,BlueTang,0.9139449596405029
paracanthurus-hepatus-paletten-doktorfisch-gelber-bauch_jpg.rf.a2ae3006f26173670ebd4d4b4e429cef.jpg,BlueTang,0.8798791766166687
ribboned_sweetlips_120_jpg.rf.b0d8c985ede286dae840225148cb1735.jpg,RibbonedSweetlips,0.9378764629364014
ribboned_sweetlips_120_jpg.rf.b0d8c985ede286dae840225148cb1735.jpg,RibbonedSweetlips,0.8703332543373108
ribboned_sweetlips_140_jpg.rf.10c707e9434ec1e61ed3385e81befdfb.jpg,RibbonedSweetlips,0.924125611782074
ribboned_sweetlips_17_jpg.rf.f79c3f647a660ff876fb9f1fe97f13e6.jpg,RibbonedSweetlips,0.9374502897262573
ribboned_sweetlips_22_jpg.rf.c00db85b649bf4dd5756d5f9d3b02802.jpg,RibbonedSweetlips,0.8095797300338745
ribboned_sweetlips_59_jpg.rf.4186329fa7f0e30138f22169b8082eb0.jpg,RibbonedSweetlips,0.9188475012779236
ribboned_sweetlips_73_jpg.rf.53449fd1d172dc7ea2c8d30be55da627.jpg,RibbonedSweetlips,0.899239718914032
ribboned_sweetlips_73_jpg.rf.53449fd1d172dc7ea2c8d30be55da627.jpg,RibbonedSweetlips,0.8879849314689636
ribboned_sweetlips_9_jpg.rf.447f9ad107a68f6667b5c89248ad2e29.jpg,RibbonedSweetlips,0.8245829939842224
shutterstock_humbug-damsel4_jpeg.rf.12196da8c19df82cc484de4c8460d30b.jpg,ThreeStripedDamselfish,0.9224653840065002
unnamed-1_jpg.rf.873de47ce75a50b404849c8e458c8210.jpg,BlueTang,0.8091241717338562
unnamed-1_jpg.rf.d985ba6638bf11506db6f4719038d46e.jpg,BlueTang,0.9634921550750732
unnamed-1_jpg.rf.d985ba6638bf11506db6f4719038d46e.jpg,BlueTang,0.9481976628303528
unnamed-1_jpg.rf.d985ba6638bf11506db6f4719038d46e.jpg,BlueTang,0.8990166783332825
unnamed-1_jpg.rf.d985ba6638bf11506db6f4719038d46e.jpg,BlueTang,0.37493896484375
videoplayback_mp4-0_jpg.rf.a79ad111ddf301aa1a279b2518978e24.jpg,GoldFish,0.9178615212440491
videoplayback_mp4-0_jpg.rf.a79ad111ddf301aa1a279b2518978e24.jpg,GoldFish,0.8906477093696594
videoplayback_mp4-11_jpg.rf.59aed07a54f6c87c2c7d7792fa838442.jpg,GoldFish,0.942456066608429
videoplayback_mp4-11_jpg.rf.59aed07a54f6c87c2c7d7792fa838442.jpg,GoldFish,0.9282145500183105
videoplayback_mp4-13_jpg.rf.b59b23c1a1afcfae9e458bc778ded87d.jpg,GoldFish,0.91826331615448
videoplayback_mp4-13_jpg.rf.b59b23c1a1afcfae9e458bc778ded87d.jpg,GoldFish,0.730383574962616
videoplayback_mp4-14_jpg.rf.bbf1e3040a33a98c6b46df55ce65bc23.jpg,GoldFish,0.9007083177566528
videoplayback_mp4-15_jpg.rf.07c398324ab0d8d483251872da8da1e9.jpg,GoldFish,0.9101329445838928
videoplayback_mp4-20_jpg.rf.379356c5edabf59aefcf354b9ab1852e.jpg,GoldFish,0.9246931076049805
videoplayback_mp4-20_jpg.rf.379356c5edabf59aefcf354b9ab1852e.jpg,GoldFish,0.9163112640380859
videoplayback_mp4-22_jpg.rf.d1b3eb7e3653a274fe812b2c2a9d5424.jpg,GoldFish,0.9289647936820984
videoplayback_mp4-22_jpg.rf.d1b3eb7e3653a274fe812b2c2a9d5424.jpg,GoldFish,0.9223527312278748
videoplayback_mp4-23_jpg.rf.135588f511fddfac489aaca95335859f.jpg,GoldFish,0.9334737062454224
videoplayback_mp4-23_jpg.rf.135588f511fddfac489aaca95335859f.jpg,GoldFish,0.9135858416557312
videoplayback_mp4-25_jpg.rf.930706368210574195b8b3694c329642.jpg,GoldFish,0.9269438982009888
videoplayback_mp4-25_jpg.rf.930706368210574195b8b3694c329642.jpg,GoldFish,0.903078019618988
videoplayback_mp4-2_jpg.rf.c03b1fad697ea4aa9acbecd7713a9b4e.jpg,GoldFish,0.9330974817276001
videoplayback_mp4-2_jpg.rf.c03b1fad697ea4aa9acbecd7713a9b4e.jpg,GoldFish,0.9231417179107666
videoplayback_mp4-33_jpg.rf.466676ce6a0830bfa73f3f6027725f1d.jpg,GoldFish,0.9275789856910706
videoplayback_mp4-33_jpg.rf.466676ce6a0830bfa73f3f6027725f1d.jpg,GoldFish,0.9030582904815674
videoplayback_mp4-33_jpg.rf.e976094566a4a943adf89d9830202ef7.jpg,GoldFish,0.9209479093551636
videoplayback_mp4-33_jpg.rf.e976094566a4a943adf89d9830202ef7.jpg,GoldFish,0.8915913105010986
videoplayback_mp4-36_jpg.rf.00daa0413d044be448bd7cdc7a1fb76d.jpg,GoldFish,0.893402099609375
videoplayback_mp4-36_jpg.rf.00daa0413d044be448bd7cdc7a1fb76d.jpg,GoldFish,0.8396040201187134
videoplayback_mp4-50_jpg.rf.7c1c2920f4d1da03cef559c759b529ad.jpg,GoldFish,0.9179475903511047
videoplayback_mp4-50_jpg.rf.7c1c2920f4d1da03cef559c759b529ad.jpg,GoldFish,0.9058988690376282
videoplayback_mp4-52_jpg.rf.5235d9c0bde8c88e843f4f40923bec5f.jpg,GoldFish,0.9213712811470032
videoplayback_mp4-52_jpg.rf.5235d9c0bde8c88e843f4f40923bec5f.jpg,GoldFish,0.8373284339904785
videoplayback_mp4-56_jpg.rf.9b5d99daa8e12d8f0810898be6bcbb41.jpg,GoldFish,0.9212018847465515
videoplayback_mp4-56_jpg.rf.9b5d99daa8e12d8f0810898be6bcbb41.jpg,GoldFish,0.9135721921920776
whitetail-dascyllus-dascyllus-aruanus-BMBDR0_jpeg.rf.f553ffde1ddffbed45ebd7fb6334580f.jpg,ThreeStripedDamselfish,0.8905909657478333
youtube-10_jpg.rf.7cbd00f10c1630d97fd38b2b7fa5488b.jpg,ThreeStripedDamselfish,0.8207845687866211
youtube-20_jpg.rf.4de6fd46a3d463b5ffeca101fe1ac06e.jpg,ThreeStripedDamselfish,0.9212446808815002
youtube-26_jpg.rf.e8030891fde99ad0a9088ac0ba731caa.jpg,ThreeStripedDamselfish,0.8898565173149109
youtube-35_jpg.rf.3bab19652ad1d82fea8cdf5373ecc387.jpg,ThreeStripedDamselfish,0.8859459161758423
youtube-35_jpg.rf.3bab19652ad1d82fea8cdf5373ecc387.jpg,ThreeStripedDamselfish,0.6511223912239075
youtube-35_jpg.rf.3bab19652ad1d82fea8cdf5373ecc387.jpg,ThreeStripedDamselfish,0.5947381258010864
youtube-35_jpg.rf.3bab19652ad1d82fea8cdf5373ecc387.jpg,ThreeStripedDamselfish,0.4582529366016388
youtube-35_jpg.rf.48a3103f0631945dd6d8ae926dda6543.jpg,ThreeStripedDamselfish,0.8450695276260376
youtube-53_jpg.rf.a50d88da6dcbc8dc8e14cc222a1bea3a.jpg,ThreeStripedDamselfish,0.9226036071777344
youtube-53_jpg.rf.a50d88da6dcbc8dc8e14cc222a1bea3a.jpg,ThreeStripedDamselfish,0.8773642182350159
youtube-62_jpg.rf.86a7b71f14a8edc513b9700b70ffa7c2.jpg,ThreeStripedDamselfish,0.8380798101425171
youtube-62_jpg.rf.86a7b71f14a8edc513b9700b70ffa7c2.jpg,ThreeStripedDamselfish,0.6028231382369995
youtube-6_jpg.rf.7e421467cb6339bcca3db533d8cf1b4a.jpg,ThreeStripedDamselfish,0.8691519498825073
youtube-6_jpg.rf.7e421467cb6339bcca3db533d8cf1b4a.jpg,ThreeStripedDamselfish,0.8639088273048401
youtube-6_jpg.rf.7e421467cb6339bcca3db533d8cf1b4a.jpg,ThreeStripedDamselfish,0.3374578356742859
youtube-96_jpg.rf.7d69534903150e846a86ea1abb0e73dd.jpg,ThreeStripedDamselfish,0.8624151945114136
youtube-96_jpg.rf.7d69534903150e846a86ea1abb0e73dd.jpg,ThreeStripedDamselfish,0.5565210580825806
